Using pre-set license
Built from '2022.3/staging' branch; Version is '2022.3.15f1 (b58023a2b463) revision 11894819'; Using compiler version '192829333'; Build Type 'Release'
OS: 'Windows 10  (10.0.19045) 64bit CoreSingleLanguage' Language: 'tr' Physical Memory: 8071 MB
BatchMode: 1, IsHumanControllingUs: 0, StartBugReporterOnCrash: 0, Is64bit: 1, IsPro: 1

COMMAND LINE ARGUMENTS:
C:\Program Files\Unity\Hub\Editor\2022.3.15f1\Editor\Unity.exe
-adb2
-batchMode
-noUpm
-name
AssetImportWorker2
-projectPath
C:/Users/KHARENIUM/Desktop/PuzzleKids
-logFile
Logs/AssetImportWorker2.log
-srvPort
61313
Successfully changed project path to: C:/Users/KHARENIUM/Desktop/PuzzleKids
C:/Users/KHARENIUM/Desktop/PuzzleKids
[UnityMemory] Configuration Parameters - Can be set up in boot.config
    "memorysetup-bucket-allocator-granularity=16"
    "memorysetup-bucket-allocator-bucket-count=8"
    "memorysetup-bucket-allocator-block-size=33554432"
    "memorysetup-bucket-allocator-block-count=8"
    "memorysetup-main-allocator-block-size=16777216"
    "memorysetup-thread-allocator-block-size=16777216"
    "memorysetup-gfx-main-allocator-block-size=16777216"
    "memorysetup-gfx-thread-allocator-block-size=16777216"
    "memorysetup-cache-allocator-block-size=4194304"
    "memorysetup-typetree-allocator-block-size=2097152"
    "memorysetup-profiler-bucket-allocator-granularity=16"
    "memorysetup-profiler-bucket-allocator-bucket-count=8"
    "memorysetup-profiler-bucket-allocator-block-size=33554432"
    "memorysetup-profiler-bucket-allocator-block-count=8"
    "memorysetup-profiler-allocator-block-size=16777216"
    "memorysetup-profiler-editor-allocator-block-size=1048576"
    "memorysetup-temp-allocator-size-main=16777216"
    "memorysetup-job-temp-allocator-block-size=2097152"
    "memorysetup-job-temp-allocator-block-size-background=1048576"
    "memorysetup-job-temp-allocator-reduction-small-platforms=262144"
    "memorysetup-allocator-temp-initial-block-size-main=262144"
    "memorysetup-allocator-temp-initial-block-size-worker=262144"
    "memorysetup-temp-allocator-size-background-worker=32768"
    "memorysetup-temp-allocator-size-job-worker=262144"
    "memorysetup-temp-allocator-size-preload-manager=33554432"
    "memorysetup-temp-allocator-size-nav-mesh-worker=65536"
    "memorysetup-temp-allocator-size-audio-worker=65536"
    "memorysetup-temp-allocator-size-cloud-worker=32768"
    "memorysetup-temp-allocator-size-gi-baking-worker=262144"
    "memorysetup-temp-allocator-size-gfx=262144"
Player connection [9672] Host "[IP] 192.168.0.58 [Port] 0 [Flags] 2 [Guid] 30572696 [EditorId] 30572696 [Version] 1048832 [Id] WindowsEditor(7,DESKTOP-ANNHILC) [Debug] 1 [PackageName] WindowsEditor [ProjectName] Editor" joined multi-casting on [225.0.0.222:54997]...

Player connection [9672] Host "[IP] 192.168.0.58 [Port] 0 [Flags] 2 [Guid] 30572696 [EditorId] 30572696 [Version] 1048832 [Id] WindowsEditor(7,DESKTOP-ANNHILC) [Debug] 1 [PackageName] WindowsEditor [ProjectName] Editor" joined alternative multi-casting on [225.0.0.222:34997]...

[Physics::Module] Initialized MultithreadedJobDispatcher with 11 workers.
Refreshing native plugins compatible for Editor in 1788.76 ms, found 4 plugins.
Preloading 0 native plugins for Editor in 0.00 ms.
Initialize engine version: 2022.3.15f1 (b58023a2b463)
[Subsystems] Discovering subsystems at path C:/Program Files/Unity/Hub/Editor/2022.3.15f1/Editor/Data/Resources/UnitySubsystems
[Subsystems] Discovering subsystems at path C:/Users/KHARENIUM/Desktop/PuzzleKids/Assets
GfxDevice: creating device client; threaded=0; jobified=0
Direct3D:
    Version:  Direct3D 11.0 [level 11.1]
    Renderer: NVIDIA GeForce GTX 1050 (ID=0x1c91)
    Vendor:   NVIDIA
    VRAM:     2996 MB
    Driver:   25.21.14.1972
Initialize mono
Mono path[0] = 'C:/Program Files/Unity/Hub/Editor/2022.3.15f1/Editor/Data/Managed'
Mono path[1] = 'C:/Program Files/Unity/Hub/Editor/2022.3.15f1/Editor/Data/MonoBleedingEdge/lib/mono/unityjit-win32'
Mono config path = 'C:/Program Files/Unity/Hub/Editor/2022.3.15f1/Editor/Data/MonoBleedingEdge/etc'
Using monoOptions --debugger-agent=transport=dt_socket,embedding=1,server=y,suspend=n,address=127.0.0.1:56456
Begin MonoManager ReloadAssembly
Registering precompiled unity dll's ...
Register platform support module: C:/Program Files/Unity/Hub/Editor/2022.3.15f1/Editor/Data/PlaybackEngines/AndroidPlayer/UnityEditor.Android.Extensions.dll
Register platform support module: C:/Program Files/Unity/Hub/Editor/2022.3.15f1/Editor/Data/PlaybackEngines/WindowsStandaloneSupport/UnityEditor.WindowsStandalone.Extensions.dll
Registered in 0.014695 seconds.
- Loaded All Assemblies, in  5.359 seconds
Native extension for WindowsStandalone target not found
Native extension for Android target not found
Android Extension - Scanning For ADB Devices 408 ms
Mono: successfully reloaded assembly
- Finished resetting the current domain, in  0.894 seconds
Domain Reload Profiling: 6249ms
	BeginReloadAssembly (4982ms)
		ExecutionOrderSort (0ms)
		DisableScriptedObjects (0ms)
		BackupInstance (0ms)
		ReleaseScriptingObjects (0ms)
		CreateAndSetChildDomain (1ms)
	RebuildCommonClasses (47ms)
	RebuildNativeTypeToScriptingClass (15ms)
	initialDomainReloadingComplete (91ms)
	LoadAllAssembliesAndSetupDomain (220ms)
		LoadAssemblies (4975ms)
		RebuildTransferFunctionScriptingTraits (0ms)
		AnalyzeDomain (216ms)
			TypeCache.Refresh (214ms)
				TypeCache.ScanAssembly (187ms)
			ScanForSourceGeneratedMonoScriptInfo (0ms)
			ResolveRequiredComponents (1ms)
	FinalizeReload (895ms)
		ReleaseScriptCaches (0ms)
		RebuildScriptCaches (0ms)
		SetupLoadedEditorAssemblies (815ms)
			LogAssemblyErrors (0ms)
			InitializePlatformSupportModulesInManaged (567ms)
			SetLoadedEditorAssemblies (6ms)
			RefreshPlugins (0ms)
			BeforeProcessingInitializeOnLoad (3ms)
			ProcessInitializeOnLoadAttributes (165ms)
			ProcessInitializeOnLoadMethodAttributes (74ms)
			AfterProcessingInitializeOnLoad (0ms)
			EditorAssembliesLoaded (0ms)
		ExecutionOrderSort2 (0ms)
		AwakeInstancesAfterBackupRestoration (0ms)
========================================================================
Worker process is ready to serve import requests
Begin MonoManager ReloadAssembly
- Loaded All Assemblies, in  8.515 seconds
Refreshing native plugins compatible for Editor in 7.61 ms, found 4 plugins.
Native extension for WindowsStandalone target not found
Native extension for Android target not found
Package Manager log level set to [2]
[Package Manager] Server::EnsureServerProcessIsRunning -- launch failed, reason: Unity was launched with the -noUpm command-line argument
[Package Manager] UpmClient::Send -- Unable to send message (not connected to UPM process).
[Package Manager] Cannot connect to Unity Package Manager local server
[Package Manager] Server::EnsureServerProcessIsRunning -- launch failed, reason: Unity was launched with the -noUpm command-line argument
[Package Manager] UpmClient::Send -- Unable to send message (not connected to UPM process).
[Package Manager] Cannot connect to Unity Package Manager local server
Mono: successfully reloaded assembly
[Package Manager] Server::EnsureServerProcessIsRunning -- launch failed, reason: Unity was launched with the -noUpm command-line argument
[Package Manager] UpmClient::Send -- Unable to send message (not connected to UPM process).
[Package Manager] Cannot connect to Unity Package Manager local server
[Package Manager] Server::EnsureServerProcessIsRunning -- launch failed, reason: Unity was launched with the -noUpm command-line argument
[Package Manager] UpmClient::Send -- Unable to send message (not connected to UPM process).
[Package Manager] Cannot connect to Unity Package Manager local server
- Finished resetting the current domain, in  1.191 seconds
Domain Reload Profiling: 9693ms
	BeginReloadAssembly (255ms)
		ExecutionOrderSort (0ms)
		DisableScriptedObjects (9ms)
		BackupInstance (0ms)
		ReleaseScriptingObjects (0ms)
		CreateAndSetChildDomain (38ms)
	RebuildCommonClasses (50ms)
	RebuildNativeTypeToScriptingClass (16ms)
	initialDomainReloadingComplete (64ms)
	LoadAllAssembliesAndSetupDomain (8116ms)
		LoadAssemblies (7867ms)
		RebuildTransferFunctionScriptingTraits (0ms)
		AnalyzeDomain (401ms)
			TypeCache.Refresh (345ms)
				TypeCache.ScanAssembly (308ms)
			ScanForSourceGeneratedMonoScriptInfo (39ms)
			ResolveRequiredComponents (15ms)
	FinalizeReload (1191ms)
		ReleaseScriptCaches (0ms)
		RebuildScriptCaches (0ms)
		SetupLoadedEditorAssemblies (939ms)
			LogAssemblyErrors (0ms)
			InitializePlatformSupportModulesInManaged (38ms)
			SetLoadedEditorAssemblies (5ms)
			RefreshPlugins (0ms)
			BeforeProcessingInitializeOnLoad (116ms)
			ProcessInitializeOnLoadAttributes (727ms)
			ProcessInitializeOnLoadMethodAttributes (43ms)
			AfterProcessingInitializeOnLoad (11ms)
			EditorAssembliesLoaded (0ms)
		ExecutionOrderSort2 (0ms)
		AwakeInstancesAfterBackupRestoration (9ms)
Launched and connected shader compiler UnityShaderCompiler.exe after 0.12 seconds
Refreshing native plugins compatible for Editor in 7.24 ms, found 4 plugins.
Preloading 0 native plugins for Editor in 0.00 ms.
Unloading 4538 Unused Serialized files (Serialized files now loaded: 0)
Unloading 66 unused Assets / (1.3 MB). Loaded Objects now: 4994.
Memory consumption went from 179.0 MB to 177.7 MB.
Total: 7.438400 ms (FindLiveObjects: 0.784000 ms CreateObjectMapping: 0.395900 ms MarkObjects: 4.857200 ms  DeleteObjects: 1.400100 ms)

AssetImportParameters requested are different than current active one (requested -> active):
  custom:container-demuxer-ogg: 62fdf1f143b41e24485cea50d1cbac27 -> 
  custom:video-decoder-ogg-theora: a1e56fd34408186e4bbccfd4996cb3dc -> 
  custom:framework-win-MediaFoundation: 216162199b28c13a410421893ffa2e32 -> 
  custom:CustomObjectIndexerAttribute: 43b350a4d6e6d1791af0b5038c4bea17 -> 
  custom:container-demuxer-webm: 4f35f7cbe854078d1ac9338744f61a02 -> 
  custom:container-muxer-webm: aa71ff27fc2769a1b78a27578f13a17b -> 
  custom:video-decoder-webm-vp8: 9c59270c3fd7afecdb556c50c9e8de78 -> 
  custom:SearchIndexIgnoredProperties: e643bd26f0fe6173181afceb89e7c659 -> 
  custom:AudioImporter_EditorPlatform: d09bf68614088b80899f8185d706f6e7 -> 
  custom:video-encoder-webm-vp8: eb34c28f22e8b96e1ab97ce403110664 -> 
  custom:audio-decoder-ogg-vorbis: bf7c407c2cedff20999df2af8eb42d56 -> 
  custom:audio-encoder-webm-vorbis: bf7c407c2cedff20999df2af8eb42d56 -> 
========================================================================
Received Import Request.
  Time since last request: 2015.148486 seconds.
  path: Assets/Images/Red.png
  artifactKey: Guid(f1a716f78320b5744ad12aabc6bb2a3d) Importer(815301076,1909f56bfc062723c751e8b465ee728b)
Start importing Assets/Images/Red.png using Guid(f1a716f78320b5744ad12aabc6bb2a3d) Importer(815301076,1909f56bfc062723c751e8b465ee728b)  -> (artifact id: '8ac55fb7d4fd264aa3995c4cdcb0421a') in 0.127443 seconds
Number of updated asset objects reloaded before import = 0
Number of asset objects unloaded after import = 3
========================================================================
Received Import Request.
  Time since last request: 0.000037 seconds.
  path: Assets/Images/SettingsIcon.png
  artifactKey: Guid(0df18343e1ae85343ad6a3f84afcae63) Importer(815301076,1909f56bfc062723c751e8b465ee728b)
Start importing Assets/Images/SettingsIcon.png using Guid(0df18343e1ae85343ad6a3f84afcae63) Importer(815301076,1909f56bfc062723c751e8b465ee728b)  -> (artifact id: '6cd128abb6d75b95503e5ceb91c15e20') in 0.037155 seconds
Number of updated asset objects reloaded before import = 0
Number of asset objects unloaded after import = 3
========================================================================
Received Import Request.
  Time since last request: 0.000021 seconds.
  path: Assets/Images/TopGameBar.png
  artifactKey: Guid(ef41527375194d84e9dc9301889f63a1) Importer(815301076,1909f56bfc062723c751e8b465ee728b)
Start importing Assets/Images/TopGameBar.png using Guid(ef41527375194d84e9dc9301889f63a1) Importer(815301076,1909f56bfc062723c751e8b465ee728b)  -> (artifact id: '8bb4b45ad9ba4bc534ed01fc2dde2057') in 0.040151 seconds
Number of updated asset objects reloaded before import = 0
Number of asset objects unloaded after import = 3
========================================================================
Received Import Request.
  Time since last request: 0.000045 seconds.
  path: Assets/Fonts/Jaro-Regular-VariableFont_opsz.ttf
  artifactKey: Guid(60812a0d561db094a8c666d0bba6af02) Importer(815301076,1909f56bfc062723c751e8b465ee728b)
Start importing Assets/Fonts/Jaro-Regular-VariableFont_opsz.ttf using Guid(60812a0d561db094a8c666d0bba6af02) Importer(815301076,1909f56bfc062723c751e8b465ee728b)  -> (artifact id: '14a1fa72ff763f1d5cecf4ce80f59148') in 0.074207 seconds
Number of updated asset objects reloaded before import = 0
Number of asset objects unloaded after import = 4
========================================================================
Received Import Request.
  Time since last request: 0.000028 seconds.
  path: Assets/Images/Awsome.png
  artifactKey: Guid(09d0075793f768e419238d1db178362c) Importer(815301076,1909f56bfc062723c751e8b465ee728b)
Start importing Assets/Images/Awsome.png using Guid(09d0075793f768e419238d1db178362c) Importer(815301076,1909f56bfc062723c751e8b465ee728b)  -> (artifact id: 'a2b4d1b45bd6c631935d038af82ab230') in 0.048469 seconds
Number of updated asset objects reloaded before import = 0
Number of asset objects unloaded after import = 3
========================================================================
Received Import Request.
  Time since last request: 32.995452 seconds.
  path: Assets/Fonts/Jaro-Regular-VariableFont_opsz SDF.asset
  artifactKey: Guid(26f86b7d16a9fa642bd530e312b6309b) Importer(815301076,1909f56bfc062723c751e8b465ee728b)
Start importing Assets/Fonts/Jaro-Regular-VariableFont_opsz SDF.asset using Guid(26f86b7d16a9fa642bd530e312b6309b) Importer(815301076,1909f56bfc062723c751e8b465ee728b)  -> (artifact id: '4c346bd9e061ebe4000f661cdeb008d4') in 0.053929 seconds
Number of updated asset objects reloaded before import = 0
Number of asset objects unloaded after import = 6
========================================================================
Received Import Request.
  Time since last request: 52.146876 seconds.
  path: Assets/Fonts/Jaro-Regular-VariableFont_opsz SDF.asset
  artifactKey: Guid(26f86b7d16a9fa642bd530e312b6309b) Importer(815301076,1909f56bfc062723c751e8b465ee728b)
Start importing Assets/Fonts/Jaro-Regular-VariableFont_opsz SDF.asset using Guid(26f86b7d16a9fa642bd530e312b6309b) Importer(815301076,1909f56bfc062723c751e8b465ee728b)  -> (artifact id: 'dfe846b045e6d33abfeaae84cad336ec') in 0.036605 seconds
Number of updated asset objects reloaded before import = 0
Number of asset objects unloaded after import = 6
========================================================================
Received Import Request.
  Time since last request: 29.023642 seconds.
  path: Assets/Plugins/TextMesh Pro/Examples & Extras/Resources/Fonts & Materials/Anton SDF.asset
  artifactKey: Guid(8a89fa14b10d46a99122fd4f73fca9a2) Importer(815301076,1909f56bfc062723c751e8b465ee728b)
Start importing Assets/Plugins/TextMesh Pro/Examples & Extras/Resources/Fonts & Materials/Anton SDF.asset using Guid(8a89fa14b10d46a99122fd4f73fca9a2) Importer(815301076,1909f56bfc062723c751e8b465ee728b)  -> (artifact id: 'db6579b363fa911ba27b18de6a372406') in 0.094218 seconds
Number of updated asset objects reloaded before import = 0
Number of asset objects unloaded after import = 6
========================================================================
Received Import Request.
  Time since last request: 0.000015 seconds.
  path: Assets/Assets/FX/Materials/Textures/Blast_directional.png
  artifactKey: Guid(d4ed2c24a7c24e3419b43faf029ce757) Importer(815301076,1909f56bfc062723c751e8b465ee728b)
Start importing Assets/Assets/FX/Materials/Textures/Blast_directional.png using Guid(d4ed2c24a7c24e3419b43faf029ce757) Importer(815301076,1909f56bfc062723c751e8b465ee728b)  -> (artifact id: '382f707e1d3434aec992e260f24c7a66') in 0.029942 seconds
Number of updated asset objects reloaded before import = 0
Number of asset objects unloaded after import = 3
========================================================================
Received Import Request.
  Time since last request: 0.000019 seconds.
  path: Assets/Assets/Old Sea Port/textures/Brick_wall_normal.png
  artifactKey: Guid(aba0372edfc437b4e8a9003ecf26ca4f) Importer(815301076,1909f56bfc062723c751e8b465ee728b)
Start importing Assets/Assets/Old Sea Port/textures/Brick_wall_normal.png using Guid(aba0372edfc437b4e8a9003ecf26ca4f) Importer(815301076,1909f56bfc062723c751e8b465ee728b)  -> (artifact id: '21f869776ed137ff5fb6315c510e1010') in 0.125491 seconds
Number of updated asset objects reloaded before import = 0
Number of asset objects unloaded after import = 2
========================================================================
Received Import Request.
  Time since last request: 0.000020 seconds.
  path: Assets/Assets/SimplePoly City - Low Poly Assets/Textures/Building_Chicken Shop.png
  artifactKey: Guid(b648d0554709c6c4e9269e311432c5d6) Importer(815301076,1909f56bfc062723c751e8b465ee728b)
Start importing Assets/Assets/SimplePoly City - Low Poly Assets/Textures/Building_Chicken Shop.png using Guid(b648d0554709c6c4e9269e311432c5d6) Importer(815301076,1909f56bfc062723c751e8b465ee728b)  -> (artifact id: 'e0f60637bcc57b82a26341fe97b6835b') in 0.022082 seconds
Number of updated asset objects reloaded before import = 0
Number of asset objects unloaded after import = 2
========================================================================
Received Import Request.
  Time since last request: 0.000033 seconds.
  path: Assets/Assets/Old Sea Port/textures/Brick_Wall_Metallic 2.png
  artifactKey: Guid(750737eca5e65114fb9043ec4733623a) Importer(815301076,1909f56bfc062723c751e8b465ee728b)
Start importing Assets/Assets/Old Sea Port/textures/Brick_Wall_Metallic 2.png using Guid(750737eca5e65114fb9043ec4733623a) Importer(815301076,1909f56bfc062723c751e8b465ee728b)  -> (artifact id: '9abec62e6f74d26a5b294f5efe03b559') in 0.031627 seconds
Number of updated asset objects reloaded before import = 0
Number of asset objects unloaded after import = 2
========================================================================
Received Import Request.
  Time since last request: 0.000058 seconds.
  path: Assets/Assets/SimplePoly City - Low Poly Assets/Textures/Building_Books Shop.png
  artifactKey: Guid(29d6ba98d5bca734695ddaf5fdf19baf) Importer(815301076,1909f56bfc062723c751e8b465ee728b)
Start importing Assets/Assets/SimplePoly City - Low Poly Assets/Textures/Building_Books Shop.png using Guid(29d6ba98d5bca734695ddaf5fdf19baf) Importer(815301076,1909f56bfc062723c751e8b465ee728b)  -> (artifact id: '19ba5d03e0f3b74ee8eb914cf5b0ab9a') in 0.024643 seconds
Number of updated asset objects reloaded before import = 0
Number of asset objects unloaded after import = 2
========================================================================
Received Import Request.
  Time since last request: 0.000043 seconds.
  path: Assets/Assets/SimplePoly City - Low Poly Assets/Textures/Building_Gift Shop.png
  artifactKey: Guid(0ddba491ce4a04c4b8def1195e6300d8) Importer(815301076,1909f56bfc062723c751e8b465ee728b)
Start importing Assets/Assets/SimplePoly City - Low Poly Assets/Textures/Building_Gift Shop.png using Guid(0ddba491ce4a04c4b8def1195e6300d8) Importer(815301076,1909f56bfc062723c751e8b465ee728b)  -> (artifact id: '45221414a5c65aabffd4221dfd071793') in 0.020656 seconds
Number of updated asset objects reloaded before import = 0
Number of asset objects unloaded after import = 2
========================================================================
Received Import Request.
  Time since last request: 0.000031 seconds.
  path: Assets/Assets/SimplePoly City - Low Poly Assets/Textures/Building_House_01_color01.png
  artifactKey: Guid(993a27af83ba79149af2300cdf16973a) Importer(815301076,1909f56bfc062723c751e8b465ee728b)
Start importing Assets/Assets/SimplePoly City - Low Poly Assets/Textures/Building_House_01_color01.png using Guid(993a27af83ba79149af2300cdf16973a) Importer(815301076,1909f56bfc062723c751e8b465ee728b)  -> (artifact id: '02e33c08eefdd57488035709b96ba3ac') in 0.021958 seconds
Number of updated asset objects reloaded before import = 0
Number of asset objects unloaded after import = 2
========================================================================
Received Import Request.
  Time since last request: 0.000019 seconds.
  path: Assets/Assets/SimplePoly City - Low Poly Assets/Textures/Building_Bakery.png
  artifactKey: Guid(09a293ef617f8cf49983c38c3d860c82) Importer(815301076,1909f56bfc062723c751e8b465ee728b)
Start importing Assets/Assets/SimplePoly City - Low Poly Assets/Textures/Building_Bakery.png using Guid(09a293ef617f8cf49983c38c3d860c82) Importer(815301076,1909f56bfc062723c751e8b465ee728b)  -> (artifact id: '95d31623db4ee7c643b9152efc8c9176') in 0.022048 seconds
Number of updated asset objects reloaded before import = 0
Number of asset objects unloaded after import = 2
========================================================================
Received Import Request.
  Time since last request: 0.000081 seconds.
  path: Assets/Assets/FX/Materials/Textures/Blast_spiky.png
  artifactKey: Guid(4579d2edf18f11b439456de0178ff2eb) Importer(815301076,1909f56bfc062723c751e8b465ee728b)
Start importing Assets/Assets/FX/Materials/Textures/Blast_spiky.png using Guid(4579d2edf18f11b439456de0178ff2eb) Importer(815301076,1909f56bfc062723c751e8b465ee728b)  -> (artifact id: '71e08914402e8d18ec9222f75fb775a5') in 0.021585 seconds
Number of updated asset objects reloaded before import = 0
Number of asset objects unloaded after import = 3
========================================================================
Received Import Request.
  Time since last request: 0.000054 seconds.
  path: Assets/Assets/SimplePoly City - Low Poly Assets/Textures/Building_House_04_color01.png
  artifactKey: Guid(8e78cd99b5b34a547a2ef279698e7786) Importer(815301076,1909f56bfc062723c751e8b465ee728b)
Start importing Assets/Assets/SimplePoly City - Low Poly Assets/Textures/Building_House_04_color01.png using Guid(8e78cd99b5b34a547a2ef279698e7786) Importer(815301076,1909f56bfc062723c751e8b465ee728b)  -> (artifact id: 'ef948d252d8d76b09c64c0c9fd011e3d') in 0.023944 seconds
Number of updated asset objects reloaded before import = 0
Number of asset objects unloaded after import = 2
========================================================================
Received Import Request.
  Time since last request: 0.000029 seconds.
  path: Assets/Assets/Old Sea Port/textures/Bark_Grey_4.png
  artifactKey: Guid(2d88a8a58b86d3c42a673e1d9034409a) Importer(815301076,1909f56bfc062723c751e8b465ee728b)
Start importing Assets/Assets/Old Sea Port/textures/Bark_Grey_4.png using Guid(2d88a8a58b86d3c42a673e1d9034409a) Importer(815301076,1909f56bfc062723c751e8b465ee728b)  -> (artifact id: '878014a451bdab9aac8d735bee12ed7e') in 0.038952 seconds
Number of updated asset objects reloaded before import = 0
Number of asset objects unloaded after import = 2
========================================================================
Received Import Request.
  Time since last request: 0.000023 seconds.
  path: Assets/Assets/Old Sea Port/textures/Bark_Grey_Metallic 2.png
  artifactKey: Guid(a94ce357ed0012e4fa139af6829d593b) Importer(815301076,1909f56bfc062723c751e8b465ee728b)
Start importing Assets/Assets/Old Sea Port/textures/Bark_Grey_Metallic 2.png using Guid(a94ce357ed0012e4fa139af6829d593b) Importer(815301076,1909f56bfc062723c751e8b465ee728b)  -> (artifact id: 'fdb51986f032ab87998bd3fb5da268a9') in 0.038343 seconds
Number of updated asset objects reloaded before import = 0
Number of asset objects unloaded after import = 2
========================================================================
Received Import Request.
  Time since last request: 0.000067 seconds.
  path: Assets/Assets/SimplePoly City - Low Poly Assets/Textures/Building_House_03_color02.png
  artifactKey: Guid(676d0d512f2b34a4a8452af3bc34a78f) Importer(815301076,1909f56bfc062723c751e8b465ee728b)
Start importing Assets/Assets/SimplePoly City - Low Poly Assets/Textures/Building_House_03_color02.png using Guid(676d0d512f2b34a4a8452af3bc34a78f) Importer(815301076,1909f56bfc062723c751e8b465ee728b)  -> (artifact id: 'c5ed83aed03a6db358505c67a27ae728') in 0.038684 seconds
Number of updated asset objects reloaded before import = 0
Number of asset objects unloaded after import = 2
========================================================================
Received Import Request.
  Time since last request: 0.000025 seconds.
  path: Assets/Assets/Old Sea Port/textures/Bark_Grey_normal.png
  artifactKey: Guid(8f80a4e136ce4244e8c2ebe9f3bb4aae) Importer(815301076,1909f56bfc062723c751e8b465ee728b)
Start importing Assets/Assets/Old Sea Port/textures/Bark_Grey_normal.png using Guid(8f80a4e136ce4244e8c2ebe9f3bb4aae) Importer(815301076,1909f56bfc062723c751e8b465ee728b)  -> (artifact id: 'e810ef80b3a88dfe227ba20391e36411') in 0.038531 seconds
Number of updated asset objects reloaded before import = 0
Number of asset objects unloaded after import = 2
========================================================================
Received Import Request.
  Time since last request: 0.000045 seconds.
  path: Assets/Assets/Old Sea Port/textures/Barrel_Metallic 2.png
  artifactKey: Guid(c394d5e62f0e19145b7e7fbe1b301a26) Importer(815301076,1909f56bfc062723c751e8b465ee728b)
Start importing Assets/Assets/Old Sea Port/textures/Barrel_Metallic 2.png using Guid(c394d5e62f0e19145b7e7fbe1b301a26) Importer(815301076,1909f56bfc062723c751e8b465ee728b)  -> (artifact id: '8579b5166db21df88fc24a9b044ae4d5') in 0.072182 seconds
Number of updated asset objects reloaded before import = 0
Number of asset objects unloaded after import = 2
========================================================================
Received Import Request.
  Time since last request: 0.000021 seconds.
  path: Assets/Assets/SimplePoly City - Low Poly Assets/Textures/Building Sky_big_color03.png
  artifactKey: Guid(68678103389a4c1458454df2673310fc) Importer(815301076,1909f56bfc062723c751e8b465ee728b)
Start importing Assets/Assets/SimplePoly City - Low Poly Assets/Textures/Building Sky_big_color03.png using Guid(68678103389a4c1458454df2673310fc) Importer(815301076,1909f56bfc062723c751e8b465ee728b)  -> (artifact id: '273d0002e72cb030ecd5a7b1a526e4f9') in 0.033491 seconds
Number of updated asset objects reloaded before import = 0
Number of asset objects unloaded after import = 2
========================================================================
Received Import Request.
  Time since last request: 0.000017 seconds.
  path: Assets/Assets/SimplePoly City - Low Poly Assets/Textures/Building_House_03_color01.png
  artifactKey: Guid(22102af343715b9418233bc6460f0a8d) Importer(815301076,1909f56bfc062723c751e8b465ee728b)
Start importing Assets/Assets/SimplePoly City - Low Poly Assets/Textures/Building_House_03_color01.png using Guid(22102af343715b9418233bc6460f0a8d) Importer(815301076,1909f56bfc062723c751e8b465ee728b)  -> (artifact id: '2fe63037b21de45c799ab52ea6117b5d') in 0.032223 seconds
Number of updated asset objects reloaded before import = 0
Number of asset objects unloaded after import = 2
========================================================================
Received Import Request.
  Time since last request: 0.000080 seconds.
  path: Assets/Assets/SimplePoly City - Low Poly Assets/Textures/Building_Gas Station.png
  artifactKey: Guid(f1067f42b9db674419e1ca765b447e4f) Importer(815301076,1909f56bfc062723c751e8b465ee728b)
Start importing Assets/Assets/SimplePoly City - Low Poly Assets/Textures/Building_Gas Station.png using Guid(f1067f42b9db674419e1ca765b447e4f) Importer(815301076,1909f56bfc062723c751e8b465ee728b)  -> (artifact id: '1d6b5dffcbc9233869c1e37baac4c935') in 0.028654 seconds
Number of updated asset objects reloaded before import = 0
Number of asset objects unloaded after import = 2
========================================================================
Received Import Request.
  Time since last request: 0.000024 seconds.
  path: Assets/Assets/Old Sea Port/textures/Brick_wall_1.png
  artifactKey: Guid(d5b0c3d98c949f64aacf75b764a72b9b) Importer(815301076,1909f56bfc062723c751e8b465ee728b)
Start importing Assets/Assets/Old Sea Port/textures/Brick_wall_1.png using Guid(d5b0c3d98c949f64aacf75b764a72b9b) Importer(815301076,1909f56bfc062723c751e8b465ee728b)  -> (artifact id: '87d2b9dcc34e1615d788403c36db6edd') in 0.076592 seconds
Number of updated asset objects reloaded before import = 0
Number of asset objects unloaded after import = 2
========================================================================
Received Import Request.
  Time since last request: 0.000018 seconds.
  path: Assets/Assets/SimplePoly City - Low Poly Assets/Textures/Building_House_01_color03.png
  artifactKey: Guid(08441d6894e45b14ca36aee71ac5ba19) Importer(815301076,1909f56bfc062723c751e8b465ee728b)
Start importing Assets/Assets/SimplePoly City - Low Poly Assets/Textures/Building_House_01_color03.png using Guid(08441d6894e45b14ca36aee71ac5ba19) Importer(815301076,1909f56bfc062723c751e8b465ee728b)  -> (artifact id: 'd828892178d89dc567d9632ef15b3f5c') in 0.059386 seconds
Number of updated asset objects reloaded before import = 0
Number of asset objects unloaded after import = 2
========================================================================
Received Import Request.
  Time since last request: 0.000023 seconds.
  path: Assets/Assets/SimplePoly City - Low Poly Assets/Textures/Building_House_02_color02.png
  artifactKey: Guid(9cbdc88e77793ec4ab1d9f074f284bc5) Importer(815301076,1909f56bfc062723c751e8b465ee728b)
Start importing Assets/Assets/SimplePoly City - Low Poly Assets/Textures/Building_House_02_color02.png using Guid(9cbdc88e77793ec4ab1d9f074f284bc5) Importer(815301076,1909f56bfc062723c751e8b465ee728b)  -> (artifact id: '5cc9daee2062f73678dcb10f8750aa7c') in 0.026396 seconds
Number of updated asset objects reloaded before import = 0
Number of asset objects unloaded after import = 2
========================================================================
Received Import Request.
  Time since last request: 0.000015 seconds.
  path: Assets/Assets/SimplePoly City - Low Poly Assets/Textures/Building Sky_small_color02.png
  artifactKey: Guid(81c454060dd1fd74d9e2b2e1ca3d0a58) Importer(815301076,1909f56bfc062723c751e8b465ee728b)
Start importing Assets/Assets/SimplePoly City - Low Poly Assets/Textures/Building Sky_small_color02.png using Guid(81c454060dd1fd74d9e2b2e1ca3d0a58) Importer(815301076,1909f56bfc062723c751e8b465ee728b)  -> (artifact id: '4536a38c4206e95613d9dffd787bcc27') in 0.031896 seconds
Number of updated asset objects reloaded before import = 0
Number of asset objects unloaded after import = 2
========================================================================
Received Import Request.
  Time since last request: 0.000036 seconds.
  path: Assets/Assets/SimplePoly City - Low Poly Assets/Textures/Building_Drug Store.png
  artifactKey: Guid(a2ca9c84c117c3e4d9779bfccd3e1b4e) Importer(815301076,1909f56bfc062723c751e8b465ee728b)
Start importing Assets/Assets/SimplePoly City - Low Poly Assets/Textures/Building_Drug Store.png using Guid(a2ca9c84c117c3e4d9779bfccd3e1b4e) Importer(815301076,1909f56bfc062723c751e8b465ee728b)  -> (artifact id: '445c311435f80c4c6e0c8ecc9fe9a65a') in 0.026490 seconds
Number of updated asset objects reloaded before import = 0
Number of asset objects unloaded after import = 2
========================================================================
Received Import Request.
  Time since last request: 0.000030 seconds.
  path: Assets/Assets/SimplePoly City - Low Poly Assets/Textures/Building Sky_big_color02.png
  artifactKey: Guid(076be1fece3e1944da63c954eb29d137) Importer(815301076,1909f56bfc062723c751e8b465ee728b)
Start importing Assets/Assets/SimplePoly City - Low Poly Assets/Textures/Building Sky_big_color02.png using Guid(076be1fece3e1944da63c954eb29d137) Importer(815301076,1909f56bfc062723c751e8b465ee728b)  -> (artifact id: '0acda6d4f25816d6f1dd97b8eab63444') in 0.040082 seconds
Number of updated asset objects reloaded before import = 0
Number of asset objects unloaded after import = 2
========================================================================
Received Import Request.
  Time since last request: 0.000040 seconds.
  path: Assets/Assets/SimplePoly City - Low Poly Assets/Textures/Building_Bar.png
  artifactKey: Guid(dcf28aa94c297d441b5bb2e655c5b1a5) Importer(815301076,1909f56bfc062723c751e8b465ee728b)
Start importing Assets/Assets/SimplePoly City - Low Poly Assets/Textures/Building_Bar.png using Guid(dcf28aa94c297d441b5bb2e655c5b1a5) Importer(815301076,1909f56bfc062723c751e8b465ee728b)  -> (artifact id: 'dc85c092ccbdc098af8bbfbe21740462') in 0.026770 seconds
Number of updated asset objects reloaded before import = 0
Number of asset objects unloaded after import = 2
========================================================================
Received Import Request.
  Time since last request: 4.569846 seconds.
  path: Assets/Assets/SimplePoly City - Low Poly Assets/Textures/Building_House_04_color02.png
  artifactKey: Guid(38f25d053637e924099f07d4d995d256) Importer(815301076,1909f56bfc062723c751e8b465ee728b)
Start importing Assets/Assets/SimplePoly City - Low Poly Assets/Textures/Building_House_04_color02.png using Guid(38f25d053637e924099f07d4d995d256) Importer(815301076,1909f56bfc062723c751e8b465ee728b)  -> (artifact id: '5e715ed4e28d06215abe360e27498244') in 0.035603 seconds
Number of updated asset objects reloaded before import = 0
Number of asset objects unloaded after import = 2
========================================================================
Received Import Request.
  Time since last request: 0.002927 seconds.
  path: Assets/Assets/SimplePoly City - Low Poly Assets/Textures/Building_Pizza.png
  artifactKey: Guid(0cf2b5e2d8e8aba41b18787cd9399b4b) Importer(815301076,1909f56bfc062723c751e8b465ee728b)
Start importing Assets/Assets/SimplePoly City - Low Poly Assets/Textures/Building_Pizza.png using Guid(0cf2b5e2d8e8aba41b18787cd9399b4b) Importer(815301076,1909f56bfc062723c751e8b465ee728b)  -> (artifact id: '4ca66570bfe03dee4dd3046e34abe176') in 0.026285 seconds
Number of updated asset objects reloaded before import = 0
Number of asset objects unloaded after import = 2
========================================================================
Received Import Request.
  Time since last request: 0.000020 seconds.
  path: Assets/Assets/SimplePoly City - Low Poly Assets/Textures/Building_Residential_color02.png
  artifactKey: Guid(84b90ff10d36543418f423d8e1f20c3c) Importer(815301076,1909f56bfc062723c751e8b465ee728b)
Start importing Assets/Assets/SimplePoly City - Low Poly Assets/Textures/Building_Residential_color02.png using Guid(84b90ff10d36543418f423d8e1f20c3c) Importer(815301076,1909f56bfc062723c751e8b465ee728b)  -> (artifact id: '4b09b686d6dfe35aff713836f3c5aa97') in 0.025506 seconds
Number of updated asset objects reloaded before import = 0
Number of asset objects unloaded after import = 2
========================================================================
Received Import Request.
  Time since last request: 0.000068 seconds.
  path: Assets/Assets/SimplePoly City - Low Poly Assets/Textures/Building_Shoes Shop.png
  artifactKey: Guid(2b65a3a19e6eed944b6118802215ede0) Importer(815301076,1909f56bfc062723c751e8b465ee728b)
Start importing Assets/Assets/SimplePoly City - Low Poly Assets/Textures/Building_Shoes Shop.png using Guid(2b65a3a19e6eed944b6118802215ede0) Importer(815301076,1909f56bfc062723c751e8b465ee728b)  -> (artifact id: '90f093fdcb725b0a644587c920eb004a') in 0.029868 seconds
Number of updated asset objects reloaded before import = 0
Number of asset objects unloaded after import = 2
========================================================================
Received Import Request.
  Time since last request: 0.000026 seconds.
  path: Assets/Assets/SimplePoly City - Low Poly Assets/Textures/Building_Restaurant.png
  artifactKey: Guid(10b9543b11ed20e46ac740b4f092470d) Importer(815301076,1909f56bfc062723c751e8b465ee728b)
Start importing Assets/Assets/SimplePoly City - Low Poly Assets/Textures/Building_Restaurant.png using Guid(10b9543b11ed20e46ac740b4f092470d) Importer(815301076,1909f56bfc062723c751e8b465ee728b)  -> (artifact id: '4c37fb35b81ce7682d53abd0fc98cc31') in 0.025626 seconds
Number of updated asset objects reloaded before import = 0
Number of asset objects unloaded after import = 2
========================================================================
Received Import Request.
  Time since last request: 0.030121 seconds.
  path: Assets/Assets/Stylized Nature Kit Lite/Textures/Bush Leaves.png
  artifactKey: Guid(420d7542564a36c48a1c01d02f377375) Importer(815301076,1909f56bfc062723c751e8b465ee728b)
Start importing Assets/Assets/Stylized Nature Kit Lite/Textures/Bush Leaves.png using Guid(420d7542564a36c48a1c01d02f377375) Importer(815301076,1909f56bfc062723c751e8b465ee728b)  -> (artifact id: 'c2d962b0579b9d1193b074739cc516c1') in 0.025547 seconds
Number of updated asset objects reloaded before import = 0
Number of asset objects unloaded after import = 2
========================================================================
Received Import Request.
  Time since last request: 0.008081 seconds.
  path: Assets/Assets/FX/Materials/Textures/Circle01.png
  artifactKey: Guid(098eca53dfcb7b14989fd25bda5a8314) Importer(815301076,1909f56bfc062723c751e8b465ee728b)
Start importing Assets/Assets/FX/Materials/Textures/Circle01.png using Guid(098eca53dfcb7b14989fd25bda5a8314) Importer(815301076,1909f56bfc062723c751e8b465ee728b)  -> (artifact id: '019a39f7c1b4fdaf72951cbbc14983b1') in 0.027509 seconds
Number of updated asset objects reloaded before import = 0
Number of asset objects unloaded after import = 3
========================================================================
Received Import Request.
  Time since last request: 0.000021 seconds.
  path: Assets/Assets/FX/Materials/Textures/Circle04.png
  artifactKey: Guid(738d0386f7ab1b242b3cca6cedcb2106) Importer(815301076,1909f56bfc062723c751e8b465ee728b)
Start importing Assets/Assets/FX/Materials/Textures/Circle04.png using Guid(738d0386f7ab1b242b3cca6cedcb2106) Importer(815301076,1909f56bfc062723c751e8b465ee728b)  -> (artifact id: '4a394a07a0f0bf2bdac29636a0b89edf') in 0.023084 seconds
Number of updated asset objects reloaded before import = 0
Number of asset objects unloaded after import = 3
========================================================================
Received Import Request.
  Time since last request: 0.000074 seconds.
  path: Assets/Assets/FX/Materials/Textures/Circle05.png
  artifactKey: Guid(d0af66a9d145d5f438be94e94354e0e4) Importer(815301076,1909f56bfc062723c751e8b465ee728b)
Start importing Assets/Assets/FX/Materials/Textures/Circle05.png using Guid(d0af66a9d145d5f438be94e94354e0e4) Importer(815301076,1909f56bfc062723c751e8b465ee728b)  -> (artifact id: '298c2d515ab8021fc57cab6bbbc6ec16') in 0.027877 seconds
Number of updated asset objects reloaded before import = 0
Number of asset objects unloaded after import = 3
========================================================================
Received Import Request.
  Time since last request: 0.000028 seconds.
  path: Assets/Assets/Old Sea Port/EffectExamples/Shared/Textures/CloudsNormals.tif
  artifactKey: Guid(8806362d7e9ad5141b23999ce01adc8c) Importer(815301076,1909f56bfc062723c751e8b465ee728b)
Start importing Assets/Assets/Old Sea Port/EffectExamples/Shared/Textures/CloudsNormals.tif using Guid(8806362d7e9ad5141b23999ce01adc8c) Importer(815301076,1909f56bfc062723c751e8b465ee728b)  -> (artifact id: 'a5c4fd08509f69cb5c7012f383d0ef0a') in 0.052232 seconds
Number of updated asset objects reloaded before import = 0
Number of asset objects unloaded after import = 2
========================================================================
Received Import Request.
  Time since last request: 0.000119 seconds.
  path: Assets/Assets/Old Sea Port/textures/Cobblestone_Occlusion.png
  artifactKey: Guid(dcfbeedfb82fa234ba6e7ae06500b97b) Importer(815301076,1909f56bfc062723c751e8b465ee728b)
Start importing Assets/Assets/Old Sea Port/textures/Cobblestone_Occlusion.png using Guid(dcfbeedfb82fa234ba6e7ae06500b97b) Importer(815301076,1909f56bfc062723c751e8b465ee728b)  -> (artifact id: 'e453accb2b7fcd4410b79fb3dfc14a71') in 0.041838 seconds
Number of updated asset objects reloaded before import = 0
Number of asset objects unloaded after import = 2
========================================================================
Received Import Request.
  Time since last request: 0.000030 seconds.
  path: Assets/Assets/Old Sea Port/textures/Cobblestone_Metallic.png
  artifactKey: Guid(e1af42f80bed5a545b83e936c0de886d) Importer(815301076,1909f56bfc062723c751e8b465ee728b)
Start importing Assets/Assets/Old Sea Port/textures/Cobblestone_Metallic.png using Guid(e1af42f80bed5a545b83e936c0de886d) Importer(815301076,1909f56bfc062723c751e8b465ee728b)  -> (artifact id: '1195506a1cbea5807f77a4c271e2987d') in 0.035961 seconds
Number of updated asset objects reloaded before import = 0
Number of asset objects unloaded after import = 2
========================================================================
Received Import Request.
  Time since last request: 0.000027 seconds.
  path: Assets/Assets/Old Sea Port/EffectExamples/Shared/Textures/CloudsAlpha.tif
  artifactKey: Guid(723753318dba7ab4eb68cfc0b10e71cd) Importer(815301076,1909f56bfc062723c751e8b465ee728b)
Start importing Assets/Assets/Old Sea Port/EffectExamples/Shared/Textures/CloudsAlpha.tif using Guid(723753318dba7ab4eb68cfc0b10e71cd) Importer(815301076,1909f56bfc062723c751e8b465ee728b)  -> (artifact id: 'cd975bc4e396a496872bc3131c3e4c3f') in 0.041747 seconds
Number of updated asset objects reloaded before import = 0
Number of asset objects unloaded after import = 2
========================================================================
Received Import Request.
  Time since last request: 0.058763 seconds.
  path: Assets/Assets/Ground textures pack/Ground & rocks 02/diffuse.tga
  artifactKey: Guid(3787ecf31b318914f908bb48537ebf10) Importer(815301076,1909f56bfc062723c751e8b465ee728b)
Start importing Assets/Assets/Ground textures pack/Ground & rocks 02/diffuse.tga using Guid(3787ecf31b318914f908bb48537ebf10) Importer(815301076,1909f56bfc062723c751e8b465ee728b)  -> (artifact id: 'd3907701778d1da8c20afc1613da19bb') in 0.029193 seconds
Number of updated asset objects reloaded before import = 0
Number of asset objects unloaded after import = 2
========================================================================
Received Import Request.
  Time since last request: 0.004058 seconds.
  path: Assets/Assets/Ground textures pack/Grass & rocks/diffuse.tga
  artifactKey: Guid(12ff3c37d59e28240a8f4643c3ead3d3) Importer(815301076,1909f56bfc062723c751e8b465ee728b)
Start importing Assets/Assets/Ground textures pack/Grass & rocks/diffuse.tga using Guid(12ff3c37d59e28240a8f4643c3ead3d3) Importer(815301076,1909f56bfc062723c751e8b465ee728b)  -> (artifact id: 'e2a5f04d644bf7f351e61fcca09a3d23') in 0.027474 seconds
Number of updated asset objects reloaded before import = 0
Number of asset objects unloaded after import = 2
========================================================================
Received Import Request.
  Time since last request: 0.000033 seconds.
  path: Assets/Assets/Ground textures pack/Grass 03/diffuse.tga
  artifactKey: Guid(e9866699a4ddce642b7da4aeaa74d279) Importer(815301076,1909f56bfc062723c751e8b465ee728b)
Start importing Assets/Assets/Ground textures pack/Grass 03/diffuse.tga using Guid(e9866699a4ddce642b7da4aeaa74d279) Importer(815301076,1909f56bfc062723c751e8b465ee728b)  -> (artifact id: 'fcacab71bff337025ced95287c78cdb0') in 0.035403 seconds
Number of updated asset objects reloaded before import = 0
Number of asset objects unloaded after import = 2
========================================================================
Received Import Request.
  Time since last request: 0.000048 seconds.
  path: Assets/Assets/Ground textures pack/Grass 06/diffuse.tga
  artifactKey: Guid(f3c7e12938d22604eb51dc02b394dd80) Importer(815301076,1909f56bfc062723c751e8b465ee728b)
Start importing Assets/Assets/Ground textures pack/Grass 06/diffuse.tga using Guid(f3c7e12938d22604eb51dc02b394dd80) Importer(815301076,1909f56bfc062723c751e8b465ee728b)  -> (artifact id: '8912828dc220948a262cc622de92c268') in 0.030053 seconds
Number of updated asset objects reloaded before import = 0
Number of asset objects unloaded after import = 2
========================================================================
Received Import Request.
  Time since last request: 0.045383 seconds.
  path: Assets/Assets/Ground textures pack/Ground 02/diffuse.tga
  artifactKey: Guid(cd4f831376722b54bbadd59ef7c6c744) Importer(815301076,1909f56bfc062723c751e8b465ee728b)
Start importing Assets/Assets/Ground textures pack/Ground 02/diffuse.tga using Guid(cd4f831376722b54bbadd59ef7c6c744) Importer(815301076,1909f56bfc062723c751e8b465ee728b)  -> (artifact id: '99dbc2a637554c116ee95cc6d55cea4e') in 0.025158 seconds
Number of updated asset objects reloaded before import = 0
Number of asset objects unloaded after import = 2
========================================================================
Received Import Request.
  Time since last request: 0.005323 seconds.
  path: Assets/Assets/Ground textures pack/Lava/diffuse.tga
  artifactKey: Guid(cc2d009b31ce2134a9438a34a78632a0) Importer(815301076,1909f56bfc062723c751e8b465ee728b)
Start importing Assets/Assets/Ground textures pack/Lava/diffuse.tga using Guid(cc2d009b31ce2134a9438a34a78632a0) Importer(815301076,1909f56bfc062723c751e8b465ee728b)  -> (artifact id: '5b77e8c2986709e57e3cb2e2a00291a8') in 0.033864 seconds
Number of updated asset objects reloaded before import = 0
Number of asset objects unloaded after import = 2
========================================================================
Received Import Request.
  Time since last request: 0.000359 seconds.
  path: Assets/Assets/Old Sea Port/textures/dirt_1.png
  artifactKey: Guid(b075d48064d55484f8f593efb6941674) Importer(815301076,1909f56bfc062723c751e8b465ee728b)
Start importing Assets/Assets/Old Sea Port/textures/dirt_1.png using Guid(b075d48064d55484f8f593efb6941674) Importer(815301076,1909f56bfc062723c751e8b465ee728b)  -> (artifact id: '158b6911acaf0739f9f1c0edfe737501') in 0.036513 seconds
Number of updated asset objects reloaded before import = 0
Number of asset objects unloaded after import = 2
========================================================================
Received Import Request.
  Time since last request: 0.000020 seconds.
  path: Assets/Assets/FX/Materials/Textures/drop_blue.png
  artifactKey: Guid(5e4bcbaf759026e4aa009c3c728033cd) Importer(815301076,1909f56bfc062723c751e8b465ee728b)
Start importing Assets/Assets/FX/Materials/Textures/drop_blue.png using Guid(5e4bcbaf759026e4aa009c3c728033cd) Importer(815301076,1909f56bfc062723c751e8b465ee728b)  -> (artifact id: '407a9c4014d6609ac87fcc6f726eb9ff') in 0.025235 seconds
Number of updated asset objects reloaded before import = 0
Number of asset objects unloaded after import = 3
========================================================================
Received Import Request.
  Time since last request: 0.000050 seconds.
  path: Assets/Assets/FX/Materials/Textures/Dust01.png
  artifactKey: Guid(7f221a2efb03036429b23e6e78fe52d5) Importer(815301076,1909f56bfc062723c751e8b465ee728b)
Start importing Assets/Assets/FX/Materials/Textures/Dust01.png using Guid(7f221a2efb03036429b23e6e78fe52d5) Importer(815301076,1909f56bfc062723c751e8b465ee728b)  -> (artifact id: '228af19c029ff2168cd1a0b9610de1a5') in 0.048511 seconds
Number of updated asset objects reloaded before import = 0
Number of asset objects unloaded after import = 6
========================================================================
Received Import Request.
  Time since last request: 0.000024 seconds.
  path: Assets/Assets/Old Sea Port/Skyboxes/Textures/Eerie/Eerie_front.tif
  artifactKey: Guid(e7a88268a460f384cbef52d988810865) Importer(815301076,1909f56bfc062723c751e8b465ee728b)
Start importing Assets/Assets/Old Sea Port/Skyboxes/Textures/Eerie/Eerie_front.tif using Guid(e7a88268a460f384cbef52d988810865) Importer(815301076,1909f56bfc062723c751e8b465ee728b)  -> (artifact id: 'c27a7a196320a5d9643ea82a319fd784') in 0.055475 seconds
Number of updated asset objects reloaded before import = 0
Number of asset objects unloaded after import = 2
========================================================================
Received Import Request.
  Time since last request: 0.005568 seconds.
  path: Assets/Assets/Old Sea Port/Skyboxes/Textures/Eerie/Eerie_up.tif
  artifactKey: Guid(2c93b54a9ce1c314b809b4c11cf9cdb6) Importer(815301076,1909f56bfc062723c751e8b465ee728b)
Start importing Assets/Assets/Old Sea Port/Skyboxes/Textures/Eerie/Eerie_up.tif using Guid(2c93b54a9ce1c314b809b4c11cf9cdb6) Importer(815301076,1909f56bfc062723c751e8b465ee728b)  -> (artifact id: '796c7a2e95d432146ba759523dab7171') in 0.057653 seconds
Number of updated asset objects reloaded before import = 0
Number of asset objects unloaded after import = 2
========================================================================
Received Import Request.
  Time since last request: 0.000036 seconds.
  path: Assets/Plugins/TextMesh Pro/Sprites/EmojiOne.png
  artifactKey: Guid(dffef66376be4fa480fb02b19edbe903) Importer(815301076,1909f56bfc062723c751e8b465ee728b)
Start importing Assets/Plugins/TextMesh Pro/Sprites/EmojiOne.png using Guid(dffef66376be4fa480fb02b19edbe903) Importer(815301076,1909f56bfc062723c751e8b465ee728b)  -> (artifact id: 'db7dd9c9b6a272026386ed2f65a616c7') in 0.063547 seconds
Number of updated asset objects reloaded before import = 0
Number of asset objects unloaded after import = 2
========================================================================
Received Import Request.
  Time since last request: 0.005609 seconds.
  path: Assets/Assets/Old Sea Port/EffectExamples/FireExplosionEffects/Textures/FlameRoundGreyParticleSheet.tif
  artifactKey: Guid(aa0907451008d784b8ef5b1c0900465d) Importer(815301076,1909f56bfc062723c751e8b465ee728b)
Start importing Assets/Assets/Old Sea Port/EffectExamples/FireExplosionEffects/Textures/FlameRoundGreyParticleSheet.tif using Guid(aa0907451008d784b8ef5b1c0900465d) Importer(815301076,1909f56bfc062723c751e8b465ee728b)  -> (artifact id: 'ad7f702d7b2dc77e8e8e31b82fd4c899') in 0.075351 seconds
Number of updated asset objects reloaded before import = 0
Number of asset objects unloaded after import = 2
========================================================================
Received Import Request.
  Time since last request: 0.000029 seconds.
  path: Assets/Assets/FX/Materials/Textures/Flare03.png
  artifactKey: Guid(9a4522a1719ed6e4099dd535d78cbd14) Importer(815301076,1909f56bfc062723c751e8b465ee728b)
Start importing Assets/Assets/FX/Materials/Textures/Flare03.png using Guid(9a4522a1719ed6e4099dd535d78cbd14) Importer(815301076,1909f56bfc062723c751e8b465ee728b)  -> (artifact id: 'b32039c4d7ec93700ea15aa14f771803') in 0.036638 seconds
Number of updated asset objects reloaded before import = 0
Number of asset objects unloaded after import = 3
========================================================================
Received Import Request.
  Time since last request: 0.000018 seconds.
  path: Assets/Assets/FX/Materials/Textures/Flare02.png
  artifactKey: Guid(c1b77ffedb1987f43a8aeb4b0eecd391) Importer(815301076,1909f56bfc062723c751e8b465ee728b)
Start importing Assets/Assets/FX/Materials/Textures/Flare02.png using Guid(c1b77ffedb1987f43a8aeb4b0eecd391) Importer(815301076,1909f56bfc062723c751e8b465ee728b)  -> (artifact id: 'c86a88c49ff8ac8bec23c06052897488') in 0.035710 seconds
Number of updated asset objects reloaded before import = 0
Number of asset objects unloaded after import = 3
========================================================================
Received Import Request.
  Time since last request: 0.000019 seconds.
  path: Assets/Plugins/TextMesh Pro/Examples & Extras/Fonts/Oswald-Bold.ttf
  artifactKey: Guid(c9f6d0e7bc8541498c9a4799ba184ede) Importer(815301076,1909f56bfc062723c751e8b465ee728b)
Start importing Assets/Plugins/TextMesh Pro/Examples & Extras/Fonts/Oswald-Bold.ttf using Guid(c9f6d0e7bc8541498c9a4799ba184ede) Importer(815301076,1909f56bfc062723c751e8b465ee728b)  -> (artifact id: 'b22272b4f40c9cb82bcc243895abd765') in 0.021299 seconds
Number of updated asset objects reloaded before import = 0
Number of asset objects unloaded after import = 4
========================================================================
Received Import Request.
  Time since last request: 0.000029 seconds.
  path: Assets/Plugins/TextMesh Pro/Examples & Extras/Fonts/Anton.ttf
  artifactKey: Guid(997a43b767814dd0a7642ec9b78cba41) Importer(815301076,1909f56bfc062723c751e8b465ee728b)
Start importing Assets/Plugins/TextMesh Pro/Examples & Extras/Fonts/Anton.ttf using Guid(997a43b767814dd0a7642ec9b78cba41) Importer(815301076,1909f56bfc062723c751e8b465ee728b)  -> (artifact id: 'cae57290aa273204d992bd0575482e6a') in 0.013241 seconds
Number of updated asset objects reloaded before import = 0
Number of asset objects unloaded after import = 4
========================================================================
Received Import Request.
  Time since last request: 0.000031 seconds.
  path: Assets/Plugins/TextMesh Pro/Examples & Extras/Fonts/Bangers.ttf
  artifactKey: Guid(5dd49b3eacc540408c98eee0de38e0f1) Importer(815301076,1909f56bfc062723c751e8b465ee728b)
Start importing Assets/Plugins/TextMesh Pro/Examples & Extras/Fonts/Bangers.ttf using Guid(5dd49b3eacc540408c98eee0de38e0f1) Importer(815301076,1909f56bfc062723c751e8b465ee728b)  -> (artifact id: '2f1818cf49a04f248362934bdd8abfad') in 0.020940 seconds
Number of updated asset objects reloaded before import = 0
Number of asset objects unloaded after import = 4
========================================================================
Received Import Request.
  Time since last request: 0.000034 seconds.
  path: Assets/Plugins/TextMesh Pro/Examples & Extras/Textures/Floor Cement.jpg
  artifactKey: Guid(283f897e4925411ebbaa758b4cb13fc2) Importer(815301076,1909f56bfc062723c751e8b465ee728b)
Start importing Assets/Plugins/TextMesh Pro/Examples & Extras/Textures/Floor Cement.jpg using Guid(283f897e4925411ebbaa758b4cb13fc2) Importer(815301076,1909f56bfc062723c751e8b465ee728b)  -> (artifact id: '9624fe419ae20b2e4933a71430b20462') in 0.034551 seconds
Number of updated asset objects reloaded before import = 0
Number of asset objects unloaded after import = 2
========================================================================
Received Import Request.
  Time since last request: 0.044571 seconds.
  path: Assets/Plugins/TextMesh Pro/Examples & Extras/Textures/Fruit Jelly (B&W).jpg
  artifactKey: Guid(1cdc5b506b1a4a33a53c30669ced1f51) Importer(815301076,1909f56bfc062723c751e8b465ee728b)
Start importing Assets/Plugins/TextMesh Pro/Examples & Extras/Textures/Fruit Jelly (B&W).jpg using Guid(1cdc5b506b1a4a33a53c30669ced1f51) Importer(815301076,1909f56bfc062723c751e8b465ee728b)  -> (artifact id: 'a546b8a90a60b66614e8d5fc80d15486') in 0.034515 seconds
Number of updated asset objects reloaded before import = 0
Number of asset objects unloaded after import = 2
========================================================================
Received Import Request.
  Time since last request: 0.000040 seconds.
  path: Assets/Plugins/TextMesh Pro/Examples & Extras/Textures/Gradient Horizontal (Color).jpg
  artifactKey: Guid(6eb184de103d4b3f812b38561065192f) Importer(815301076,1909f56bfc062723c751e8b465ee728b)
Start importing Assets/Plugins/TextMesh Pro/Examples & Extras/Textures/Gradient Horizontal (Color).jpg using Guid(6eb184de103d4b3f812b38561065192f) Importer(815301076,1909f56bfc062723c751e8b465ee728b)  -> (artifact id: '317c99965d0258e912ecc6f56ac505af') in 0.032795 seconds
Number of updated asset objects reloaded before import = 0
Number of asset objects unloaded after import = 2
========================================================================
Received Import Request.
  Time since last request: 0.000017 seconds.
  path: Assets/Assets/Stylized Nature Kit Lite/Textures/Grass.png
  artifactKey: Guid(2af1601ba09f43e4f8b69a794b72fb75) Importer(815301076,1909f56bfc062723c751e8b465ee728b)
Start importing Assets/Assets/Stylized Nature Kit Lite/Textures/Grass.png using Guid(2af1601ba09f43e4f8b69a794b72fb75) Importer(815301076,1909f56bfc062723c751e8b465ee728b)  -> (artifact id: 'ac44b289d273473dd263bcab9fc63da6') in 0.036414 seconds
Number of updated asset objects reloaded before import = 0
Number of asset objects unloaded after import = 2
========================================================================
Received Import Request.
  Time since last request: 0.000023 seconds.
  path: Assets/Plugins/TextMesh Pro/Resources/Fonts & Materials/LiberationSans SDF - Fallback.asset
  artifactKey: Guid(2e498d1c8094910479dc3e1b768306a4) Importer(815301076,1909f56bfc062723c751e8b465ee728b)
Start importing Assets/Plugins/TextMesh Pro/Resources/Fonts & Materials/LiberationSans SDF - Fallback.asset using Guid(2e498d1c8094910479dc3e1b768306a4) Importer(815301076,1909f56bfc062723c751e8b465ee728b)  -> (artifact id: '5179107f7422dd08b2128b5389b5afc8') in 0.066835 seconds
Number of updated asset objects reloaded before import = 0
Number of asset objects unloaded after import = 6
========================================================================
Received Import Request.
  Time since last request: 0.000021 seconds.
  path: Assets/Assets/Old Sea Port/EffectExamples/FireExplosionEffects/Textures/LightningParticle.tif
  artifactKey: Guid(06e4a78c75e10c145a9156e32089ec9c) Importer(815301076,1909f56bfc062723c751e8b465ee728b)
Start importing Assets/Assets/Old Sea Port/EffectExamples/FireExplosionEffects/Textures/LightningParticle.tif using Guid(06e4a78c75e10c145a9156e32089ec9c) Importer(815301076,1909f56bfc062723c751e8b465ee728b)  -> (artifact id: 'd6aaf7bc79768865866d46d3152fa8eb') in 0.029922 seconds
Number of updated asset objects reloaded before import = 0
Number of asset objects unloaded after import = 2
========================================================================
Received Import Request.
  Time since last request: 0.000029 seconds.
  path: Assets/Assets/Old Sea Port/textures/Log_End_1.png
  artifactKey: Guid(48e5cdcdbcbc64f41ac71a1916835188) Importer(815301076,1909f56bfc062723c751e8b465ee728b)
Start importing Assets/Assets/Old Sea Port/textures/Log_End_1.png using Guid(48e5cdcdbcbc64f41ac71a1916835188) Importer(815301076,1909f56bfc062723c751e8b465ee728b)  -> (artifact id: '757aca273d7ab2359f52d2a8b1cc32b9') in 0.084554 seconds
Number of updated asset objects reloaded before import = 0
Number of asset objects unloaded after import = 2
========================================================================
Received Import Request.
  Time since last request: 0.000017 seconds.
  path: Assets/Assets/Ground textures pack/Grass 03/normal.tga
  artifactKey: Guid(9cb8a98194aa15642b2ceaa3011ccde3) Importer(815301076,1909f56bfc062723c751e8b465ee728b)
Start importing Assets/Assets/Ground textures pack/Grass 03/normal.tga using Guid(9cb8a98194aa15642b2ceaa3011ccde3) Importer(815301076,1909f56bfc062723c751e8b465ee728b)  -> (artifact id: '62a990830e16dc44b002e4fd69848889') in 0.032829 seconds
Number of updated asset objects reloaded before import = 0
Number of asset objects unloaded after import = 2
========================================================================
Received Import Request.
  Time since last request: 0.000019 seconds.
  path: Assets/Assets/Ground textures pack/Grass & dead leafs 01/normal.tga
  artifactKey: Guid(ae0e7acc3616ba441a70994eb662f6e3) Importer(815301076,1909f56bfc062723c751e8b465ee728b)
Start importing Assets/Assets/Ground textures pack/Grass & dead leafs 01/normal.tga using Guid(ae0e7acc3616ba441a70994eb662f6e3) Importer(815301076,1909f56bfc062723c751e8b465ee728b)  -> (artifact id: 'ce130758728f303d5b0975d4b9ed6ac9') in 0.032404 seconds
Number of updated asset objects reloaded before import = 0
Number of asset objects unloaded after import = 2
========================================================================
Received Import Request.
  Time since last request: 0.000017 seconds.
  path: Assets/Assets/Ground textures pack/Grass & dead leafs 02/normal.tga
  artifactKey: Guid(0c64d261e58031345b9844438ceb0af9) Importer(815301076,1909f56bfc062723c751e8b465ee728b)
Start importing Assets/Assets/Ground textures pack/Grass & dead leafs 02/normal.tga using Guid(0c64d261e58031345b9844438ceb0af9) Importer(815301076,1909f56bfc062723c751e8b465ee728b)  -> (artifact id: '7e805e4a0ce00ad878288e411ce48949') in 0.034342 seconds
Number of updated asset objects reloaded before import = 0
Number of asset objects unloaded after import = 2
========================================================================
Received Import Request.
  Time since last request: 0.000035 seconds.
  path: Assets/Assets/Old Sea Port/textures/lamp_1.png
  artifactKey: Guid(228fb3413d913f949866ba77fe8dfe28) Importer(815301076,1909f56bfc062723c751e8b465ee728b)
Start importing Assets/Assets/Old Sea Port/textures/lamp_1.png using Guid(228fb3413d913f949866ba77fe8dfe28) Importer(815301076,1909f56bfc062723c751e8b465ee728b)  -> (artifact id: '8c040d72bc9d1dec5bd535e1294ce0fa') in 0.058303 seconds
Number of updated asset objects reloaded before import = 0
Number of asset objects unloaded after import = 2
========================================================================
Received Import Request.
  Time since last request: 0.000037 seconds.
  path: Assets/Assets/Ground textures pack/Ground & weeds/normal.tga
  artifactKey: Guid(aaf8aa487d001f44f9726eb6ee77d298) Importer(815301076,1909f56bfc062723c751e8b465ee728b)
Start importing Assets/Assets/Ground textures pack/Ground & weeds/normal.tga using Guid(aaf8aa487d001f44f9726eb6ee77d298) Importer(815301076,1909f56bfc062723c751e8b465ee728b)  -> (artifact id: '4ce3b8a5820e5b6ac2bb215234dcec79') in 0.035951 seconds
Number of updated asset objects reloaded before import = 0
Number of asset objects unloaded after import = 2
========================================================================
Received Import Request.
  Time since last request: 0.000036 seconds.
  path: Assets/Assets/Old Sea Port/textures/Log_End_2.png
  artifactKey: Guid(6ce992fda00fd6b469f61ded5a41f4da) Importer(815301076,1909f56bfc062723c751e8b465ee728b)
Start importing Assets/Assets/Old Sea Port/textures/Log_End_2.png using Guid(6ce992fda00fd6b469f61ded5a41f4da) Importer(815301076,1909f56bfc062723c751e8b465ee728b)  -> (artifact id: '0894bc48583798069133dd62b4ef0c1b') in 0.107393 seconds
Number of updated asset objects reloaded before import = 0
Number of asset objects unloaded after import = 2
========================================================================
Received Import Request.
  Time since last request: 0.000438 seconds.
  path: Assets/Assets/Old Sea Port/scenes/Dock Thing/Lightmap-0_comp_light.exr
  artifactKey: Guid(80cde5ab4f5ad6f44a0379bb6efaff71) Importer(815301076,1909f56bfc062723c751e8b465ee728b)
Start importing Assets/Assets/Old Sea Port/scenes/Dock Thing/Lightmap-0_comp_light.exr using Guid(80cde5ab4f5ad6f44a0379bb6efaff71) Importer(815301076,1909f56bfc062723c751e8b465ee728b)  -> (artifact id: '9eec9d77b668d81b988e372894a7e43c') in 0.175576 seconds
Number of updated asset objects reloaded before import = 0
Number of asset objects unloaded after import = 2
========================================================================
Received Import Request.
  Time since last request: 0.000023 seconds.
  path: Assets/Assets/Ground textures pack/Dry ground/preview.jpg
  artifactKey: Guid(4602e8f26b3f5b24d8e4fd1af5e63cfb) Importer(815301076,1909f56bfc062723c751e8b465ee728b)
Start importing Assets/Assets/Ground textures pack/Dry ground/preview.jpg using Guid(4602e8f26b3f5b24d8e4fd1af5e63cfb) Importer(815301076,1909f56bfc062723c751e8b465ee728b)  -> (artifact id: 'b51d5db33f772d4ec63d65a0916495f1') in 0.031448 seconds
Number of updated asset objects reloaded before import = 0
Number of asset objects unloaded after import = 2
========================================================================
Received Import Request.
  Time since last request: 0.000034 seconds.
  path: Assets/Assets/Ground textures pack/Grass 01/preview.jpg
  artifactKey: Guid(c70f0b4ce904a324c8c6dbe6d66251e6) Importer(815301076,1909f56bfc062723c751e8b465ee728b)
Start importing Assets/Assets/Ground textures pack/Grass 01/preview.jpg using Guid(c70f0b4ce904a324c8c6dbe6d66251e6) Importer(815301076,1909f56bfc062723c751e8b465ee728b)  -> (artifact id: 'f6e3802bd655294f289c528267b8a953') in 0.029282 seconds
Number of updated asset objects reloaded before import = 0
Number of asset objects unloaded after import = 2
========================================================================
Received Import Request.
  Time since last request: 0.000015 seconds.
  path: Assets/Assets/Ground textures pack/Grass 03/preview.jpg
  artifactKey: Guid(9074a9b5ce95d5b4eb1a31e80b0a0a41) Importer(815301076,1909f56bfc062723c751e8b465ee728b)
Start importing Assets/Assets/Ground textures pack/Grass 03/preview.jpg using Guid(9074a9b5ce95d5b4eb1a31e80b0a0a41) Importer(815301076,1909f56bfc062723c751e8b465ee728b)  -> (artifact id: 'ca6b5923626aa6ada37cc6d199df726d') in 0.051733 seconds
Number of updated asset objects reloaded before import = 0
Number of asset objects unloaded after import = 2
========================================================================
Received Import Request.
  Time since last request: 0.000025 seconds.
  path: Assets/Assets/Ground textures pack/Grass 05/preview.jpg
  artifactKey: Guid(3f700d4069d83574ea6db821b3f8c561) Importer(815301076,1909f56bfc062723c751e8b465ee728b)
Start importing Assets/Assets/Ground textures pack/Grass 05/preview.jpg using Guid(3f700d4069d83574ea6db821b3f8c561) Importer(815301076,1909f56bfc062723c751e8b465ee728b)  -> (artifact id: 'a44dfe840044744a09390f797f3d3688') in 0.025527 seconds
Number of updated asset objects reloaded before import = 0
Number of asset objects unloaded after import = 2
========================================================================
Received Import Request.
  Time since last request: 0.000019 seconds.
  path: Assets/Assets/Ground textures pack/Ground & rocks 02/preview.jpg
  artifactKey: Guid(54092c753f93b1c42b7b1cd5f3333f93) Importer(815301076,1909f56bfc062723c751e8b465ee728b)
Start importing Assets/Assets/Ground textures pack/Ground & rocks 02/preview.jpg using Guid(54092c753f93b1c42b7b1cd5f3333f93) Importer(815301076,1909f56bfc062723c751e8b465ee728b)  -> (artifact id: '508927dff8b290c68a3c624c7f131d95') in 0.028597 seconds
Number of updated asset objects reloaded before import = 0
Number of asset objects unloaded after import = 2
========================================================================
Received Import Request.
  Time since last request: 0.000021 seconds.
  path: Assets/Assets/SimplePoly City - Low Poly Assets/Textures/Props_BillBoard_large.png
  artifactKey: Guid(28abf4ed6741ed84c9b83df6cecde508) Importer(815301076,1909f56bfc062723c751e8b465ee728b)
Start importing Assets/Assets/SimplePoly City - Low Poly Assets/Textures/Props_BillBoard_large.png using Guid(28abf4ed6741ed84c9b83df6cecde508) Importer(815301076,1909f56bfc062723c751e8b465ee728b)  -> (artifact id: '9c4236b13f15e2de161185426d23fded') in 0.023508 seconds
Number of updated asset objects reloaded before import = 0
Number of asset objects unloaded after import = 2
========================================================================
Received Import Request.
  Time since last request: 0.000017 seconds.
  path: Assets/Assets/SimplePoly City - Low Poly Assets/Textures/Props_RoofProps.png
  artifactKey: Guid(c9a153aaa15e0194b8e8f7c16cdf5be7) Importer(815301076,1909f56bfc062723c751e8b465ee728b)
Start importing Assets/Assets/SimplePoly City - Low Poly Assets/Textures/Props_RoofProps.png using Guid(c9a153aaa15e0194b8e8f7c16cdf5be7) Importer(815301076,1909f56bfc062723c751e8b465ee728b)  -> (artifact id: '1d49b63e0cb7f1eb4cdbd96c77521b31') in 0.027160 seconds
Number of updated asset objects reloaded before import = 0
Number of asset objects unloaded after import = 2
========================================================================
Received Import Request.
  Time since last request: 0.000024 seconds.
  path: Assets/Assets/FX/Materials/Textures/Ray01.png
  artifactKey: Guid(bf04f30f380d18849b60d45ecaab22f6) Importer(815301076,1909f56bfc062723c751e8b465ee728b)
Start importing Assets/Assets/FX/Materials/Textures/Ray01.png using Guid(bf04f30f380d18849b60d45ecaab22f6) Importer(815301076,1909f56bfc062723c751e8b465ee728b)  -> (artifact id: '772dccf73ad57bcfa040565386f66e2e') in 0.028231 seconds
Number of updated asset objects reloaded before import = 0
Number of asset objects unloaded after import = 3
========================================================================
Received Import Request.
  Time since last request: 0.000020 seconds.
  path: Assets/Assets/FX/Materials/Textures/Plus01.png
  artifactKey: Guid(5e61fec3f8e7bbb4c950b3641c53c1ce) Importer(815301076,1909f56bfc062723c751e8b465ee728b)
Start importing Assets/Assets/FX/Materials/Textures/Plus01.png using Guid(5e61fec3f8e7bbb4c950b3641c53c1ce) Importer(815301076,1909f56bfc062723c751e8b465ee728b)  -> (artifact id: 'd983f4ab6f97f31a8bcf49d735cc09ba') in 0.023988 seconds
Number of updated asset objects reloaded before import = 0
Number of asset objects unloaded after import = 3
========================================================================
Received Import Request.
  Time since last request: 0.000034 seconds.
  path: Assets/Assets/Ground textures pack/Grass & rocks/preview.jpg
  artifactKey: Guid(8d88ad474360045458b4fb808dbb4ac9) Importer(815301076,1909f56bfc062723c751e8b465ee728b)
Start importing Assets/Assets/Ground textures pack/Grass & rocks/preview.jpg using Guid(8d88ad474360045458b4fb808dbb4ac9) Importer(815301076,1909f56bfc062723c751e8b465ee728b)  -> (artifact id: '9cd50b09106643b6ef6433f5a651d47c') in 0.029405 seconds
Number of updated asset objects reloaded before import = 0
Number of asset objects unloaded after import = 2
========================================================================
Received Import Request.
  Time since last request: 0.000021 seconds.
  path: Assets/Assets/Old Sea Port/scenes/Dock Thing/ReflectionProbe-0.exr
  artifactKey: Guid(82079f3144d4e6a408834e1d92d39efb) Importer(815301076,1909f56bfc062723c751e8b465ee728b)
Start importing Assets/Assets/Old Sea Port/scenes/Dock Thing/ReflectionProbe-0.exr using Guid(82079f3144d4e6a408834e1d92d39efb) Importer(815301076,1909f56bfc062723c751e8b465ee728b)  -> (artifact id: '1ecc9b706fac7838a603a6f5cff3b5a0') in 0.028602 seconds
Number of updated asset objects reloaded before import = 0
Number of asset objects unloaded after import = 1
========================================================================
Received Import Request.
  Time since last request: 0.000036 seconds.
  path: Assets/Assets/Old Sea Port/scenes/Dock Thing/ReflectionProbe-2.exr
  artifactKey: Guid(6bd65db63781f6d4c9925eb9daa84e9d) Importer(815301076,1909f56bfc062723c751e8b465ee728b)
Start importing Assets/Assets/Old Sea Port/scenes/Dock Thing/ReflectionProbe-2.exr using Guid(6bd65db63781f6d4c9925eb9daa84e9d) Importer(815301076,1909f56bfc062723c751e8b465ee728b)  -> (artifact id: '6bc14e15904022e455c7c4c46d18499f') in 0.019554 seconds
Number of updated asset objects reloaded before import = 0
Number of asset objects unloaded after import = 1
========================================================================
Received Import Request.
  Time since last request: 0.000015 seconds.
  path: Assets/Assets/Old Sea Port/scenes/Dock Thing/ReflectionProbe-5.exr
  artifactKey: Guid(cf08895db14a0754cae82edd728cdc40) Importer(815301076,1909f56bfc062723c751e8b465ee728b)
Start importing Assets/Assets/Old Sea Port/scenes/Dock Thing/ReflectionProbe-5.exr using Guid(cf08895db14a0754cae82edd728cdc40) Importer(815301076,1909f56bfc062723c751e8b465ee728b)  -> (artifact id: 'cef35a9bb239443343ad3db7c3ed8bc0') in 0.017767 seconds
Number of updated asset objects reloaded before import = 0
Number of asset objects unloaded after import = 1
========================================================================
Received Import Request.
  Time since last request: 0.000019 seconds.
  path: Assets/Assets/Old Sea Port/scenes/Dock Thing/ReflectionProbe-6.exr
  artifactKey: Guid(9f1c088b64d6b11439e9d4ff2ec3e0cf) Importer(815301076,1909f56bfc062723c751e8b465ee728b)
Start importing Assets/Assets/Old Sea Port/scenes/Dock Thing/ReflectionProbe-6.exr using Guid(9f1c088b64d6b11439e9d4ff2ec3e0cf) Importer(815301076,1909f56bfc062723c751e8b465ee728b)  -> (artifact id: 'e2c952f04673591f2e21183ef4da33a9') in 0.017217 seconds
Number of updated asset objects reloaded before import = 0
Number of asset objects unloaded after import = 1
========================================================================
Received Import Request.
  Time since last request: 0.000015 seconds.
  path: Assets/Assets/Old Sea Port/scenes/Dock Thing/ReflectionProbe-8.exr
  artifactKey: Guid(325068744a08ae84fac41b54971b231d) Importer(815301076,1909f56bfc062723c751e8b465ee728b)
Start importing Assets/Assets/Old Sea Port/scenes/Dock Thing/ReflectionProbe-8.exr using Guid(325068744a08ae84fac41b54971b231d) Importer(815301076,1909f56bfc062723c751e8b465ee728b)  -> (artifact id: '890be8af21317e7f98635a326407a5d1') in 0.017811 seconds
Number of updated asset objects reloaded before import = 0
Number of asset objects unloaded after import = 1
========================================================================
Received Import Request.
  Time since last request: 0.000022 seconds.
  path: Assets/Assets/SimplePoly City - Low Poly Assets/Textures/Road Concrete Tile.png
  artifactKey: Guid(41a8ddb58ec5ea540a8a4c19d8cda877) Importer(815301076,1909f56bfc062723c751e8b465ee728b)
Start importing Assets/Assets/SimplePoly City - Low Poly Assets/Textures/Road Concrete Tile.png using Guid(41a8ddb58ec5ea540a8a4c19d8cda877) Importer(815301076,1909f56bfc062723c751e8b465ee728b)  -> (artifact id: '30a5992f77e214f6bc53dfe1c775340d') in 0.022534 seconds
Number of updated asset objects reloaded before import = 0
Number of asset objects unloaded after import = 2
========================================================================
Received Import Request.
  Time since last request: 0.000019 seconds.
  path: Assets/Assets/Old Sea Port/textures/Rooftiles_Metallic.png
  artifactKey: Guid(deb165eec12360141b03cc457f0efdf5) Importer(815301076,1909f56bfc062723c751e8b465ee728b)
Start importing Assets/Assets/Old Sea Port/textures/Rooftiles_Metallic.png using Guid(deb165eec12360141b03cc457f0efdf5) Importer(815301076,1909f56bfc062723c751e8b465ee728b)  -> (artifact id: 'b476edec1b45eece5692f3bb73d4eb78') in 0.025867 seconds
Number of updated asset objects reloaded before import = 0
Number of asset objects unloaded after import = 2
========================================================================
Received Import Request.
  Time since last request: 0.000026 seconds.
  path: Assets/Assets/Old Sea Port/textures/rope_normal.png
  artifactKey: Guid(6c00261042754b84fbe58b6bf7064b88) Importer(815301076,1909f56bfc062723c751e8b465ee728b)
Start importing Assets/Assets/Old Sea Port/textures/rope_normal.png using Guid(6c00261042754b84fbe58b6bf7064b88) Importer(815301076,1909f56bfc062723c751e8b465ee728b)  -> (artifact id: 'b407d7a956f9a14c90905f71a84f409f') in 0.029653 seconds
Number of updated asset objects reloaded before import = 0
Number of asset objects unloaded after import = 2
========================================================================
Received Import Request.
  Time since last request: 0.000023 seconds.
  path: Assets/Assets/Old Sea Port/textures/Rooftiles_normal.png
  artifactKey: Guid(3968a51f63f083440bb6cb07cba49d18) Importer(815301076,1909f56bfc062723c751e8b465ee728b)
Start importing Assets/Assets/Old Sea Port/textures/Rooftiles_normal.png using Guid(3968a51f63f083440bb6cb07cba49d18) Importer(815301076,1909f56bfc062723c751e8b465ee728b)  -> (artifact id: 'd0c11aeb71fdb0d9718c48dc00c157e5') in 0.024906 seconds
Number of updated asset objects reloaded before import = 0
Number of asset objects unloaded after import = 2
========================================================================
Received Import Request.
  Time since last request: 0.000022 seconds.
  path: Assets/Assets/Old Sea Port/EffectExamples/FireExplosionEffects/Textures/RoundSoftParticle.tif
  artifactKey: Guid(82c211cd7b28abb4a9e4ee77e8bd1b03) Importer(815301076,1909f56bfc062723c751e8b465ee728b)
Start importing Assets/Assets/Old Sea Port/EffectExamples/FireExplosionEffects/Textures/RoundSoftParticle.tif using Guid(82c211cd7b28abb4a9e4ee77e8bd1b03) Importer(815301076,1909f56bfc062723c751e8b465ee728b)  -> (artifact id: 'fd8f4a10da690a0c42495e1d87b8967f') in 0.053072 seconds
Number of updated asset objects reloaded before import = 0
Number of asset objects unloaded after import = 2
========================================================================
Received Import Request.
  Time since last request: 0.000016 seconds.
  path: Assets/Assets/Stylized Nature Kit Lite/Textures/Spruce Tree Branch.png
  artifactKey: Guid(eb22f6c85fef5a646a1e0561f48d212e) Importer(815301076,1909f56bfc062723c751e8b465ee728b)
Start importing Assets/Assets/Stylized Nature Kit Lite/Textures/Spruce Tree Branch.png using Guid(eb22f6c85fef5a646a1e0561f48d212e) Importer(815301076,1909f56bfc062723c751e8b465ee728b)  -> (artifact id: 'c6127a66b8bff82ae32e3d4c401a58cc') in 0.024726 seconds
Number of updated asset objects reloaded before import = 0
Number of asset objects unloaded after import = 2
========================================================================
Received Import Request.
  Time since last request: 0.000017 seconds.
  path: Assets/Assets/Stylized Nature Kit Lite/Terrain/Terrain.asset
  artifactKey: Guid(383c52c5dd0b6304e950169f371ab10e) Importer(815301076,1909f56bfc062723c751e8b465ee728b)
Start importing Assets/Assets/Stylized Nature Kit Lite/Terrain/Terrain.asset using Guid(383c52c5dd0b6304e950169f371ab10e) Importer(815301076,1909f56bfc062723c751e8b465ee728b)  -> (artifact id: '358e0c0d2c49ec99678086ed85293455') in 0.101926 seconds
Number of updated asset objects reloaded before import = 0
Number of asset objects unloaded after import = 3
========================================================================
Received Import Request.
  Time since last request: 0.000028 seconds.
  path: Assets/Assets/Old Sea Port/EffectExamples/FireExplosionEffects/Textures/SmokePuffParticleSheet.png
  artifactKey: Guid(d3c9883e2f0eef44f9241b6f8428f9fc) Importer(815301076,1909f56bfc062723c751e8b465ee728b)
Start importing Assets/Assets/Old Sea Port/EffectExamples/FireExplosionEffects/Textures/SmokePuffParticleSheet.png using Guid(d3c9883e2f0eef44f9241b6f8428f9fc) Importer(815301076,1909f56bfc062723c751e8b465ee728b)  -> (artifact id: '9571998ebb5136989ac49bd20caa157b') in 0.065297 seconds
Number of updated asset objects reloaded before import = 0
Number of asset objects unloaded after import = 2
========================================================================
Received Import Request.
  Time since last request: 0.000024 seconds.
  path: Assets/Assets/SimplePoly City - Low Poly Assets/Textures/Vehicle_Bus_1.png
  artifactKey: Guid(ecaab76e4a44928409e626a300feff17) Importer(815301076,1909f56bfc062723c751e8b465ee728b)
Start importing Assets/Assets/SimplePoly City - Low Poly Assets/Textures/Vehicle_Bus_1.png using Guid(ecaab76e4a44928409e626a300feff17) Importer(815301076,1909f56bfc062723c751e8b465ee728b)  -> (artifact id: '529b2c235129e70d8271582980bda084') in 0.046393 seconds
Number of updated asset objects reloaded before import = 0
Number of asset objects unloaded after import = 2
========================================================================
Received Import Request.
  Time since last request: 0.000027 seconds.
  path: Assets/Assets/SimplePoly City - Low Poly Assets/Textures/Vehicle_Car_2.png
  artifactKey: Guid(933dcb88aa52a9942ac3a39eeeb37c71) Importer(815301076,1909f56bfc062723c751e8b465ee728b)
Start importing Assets/Assets/SimplePoly City - Low Poly Assets/Textures/Vehicle_Car_2.png using Guid(933dcb88aa52a9942ac3a39eeeb37c71) Importer(815301076,1909f56bfc062723c751e8b465ee728b)  -> (artifact id: '0f287b0f1d5649c59d260627513d328e') in 0.028003 seconds
Number of updated asset objects reloaded before import = 0
Number of asset objects unloaded after import = 2
========================================================================
Received Import Request.
  Time since last request: 0.000017 seconds.
  path: Assets/Assets/Old Sea Port/EffectExamples/Shared/Textures/StoneAlbedo.tif
  artifactKey: Guid(d6971144598309840aa5627e0797e545) Importer(815301076,1909f56bfc062723c751e8b465ee728b)
Start importing Assets/Assets/Old Sea Port/EffectExamples/Shared/Textures/StoneAlbedo.tif using Guid(d6971144598309840aa5627e0797e545) Importer(815301076,1909f56bfc062723c751e8b465ee728b)  -> (artifact id: '2a7f8972c3868c096ea9510696501eda') in 0.035044 seconds
Number of updated asset objects reloaded before import = 0
Number of asset objects unloaded after import = 2
========================================================================
Received Import Request.
  Time since last request: 0.000017 seconds.
  path: Assets/Assets/Old Sea Port/EffectExamples/Shared/Textures/StoneNormals.tif
  artifactKey: Guid(e6b70229308faa64880eac4945d59f5e) Importer(815301076,1909f56bfc062723c751e8b465ee728b)
Start importing Assets/Assets/Old Sea Port/EffectExamples/Shared/Textures/StoneNormals.tif using Guid(e6b70229308faa64880eac4945d59f5e) Importer(815301076,1909f56bfc062723c751e8b465ee728b)  -> (artifact id: 'd7b4d10bce24df654c910a801f23487f') in 0.040387 seconds
Number of updated asset objects reloaded before import = 0
Number of asset objects unloaded after import = 2
========================================================================
Received Import Request.
  Time since last request: 0.000017 seconds.
  path: Assets/Assets/SimplePoly City - Low Poly Assets/Textures/Vehicle_Bus_3.png
  artifactKey: Guid(f6e5e6c56838a5046bcfcdbf324b0f85) Importer(815301076,1909f56bfc062723c751e8b465ee728b)
Start importing Assets/Assets/SimplePoly City - Low Poly Assets/Textures/Vehicle_Bus_3.png using Guid(f6e5e6c56838a5046bcfcdbf324b0f85) Importer(815301076,1909f56bfc062723c751e8b465ee728b)  -> (artifact id: '5d5f3a81ffd8592968e0beee93924312') in 0.024041 seconds
Number of updated asset objects reloaded before import = 0
Number of asset objects unloaded after import = 2
========================================================================
Received Import Request.
  Time since last request: 0.005386 seconds.
  path: Assets/Assets/SimplePoly City - Low Poly Assets/Textures/Vehicle_Pick up Truck_1.png
  artifactKey: Guid(d2f1fa2ac23a17e4b9038197903f57ef) Importer(815301076,1909f56bfc062723c751e8b465ee728b)
Start importing Assets/Assets/SimplePoly City - Low Poly Assets/Textures/Vehicle_Pick up Truck_1.png using Guid(d2f1fa2ac23a17e4b9038197903f57ef) Importer(815301076,1909f56bfc062723c751e8b465ee728b)  -> (artifact id: '8236f8a5f7fc85e6e7c99dc9662b19a3') in 0.026634 seconds
Number of updated asset objects reloaded before import = 0
Number of asset objects unloaded after import = 2
========================================================================
Received Import Request.
  Time since last request: 0.007027 seconds.
  path: Assets/Assets/SimplePoly City - Low Poly Assets/Textures/Vehicle_Police Car.png
  artifactKey: Guid(c0aa9f00c18fd8f40babb473766f37eb) Importer(815301076,1909f56bfc062723c751e8b465ee728b)
Start importing Assets/Assets/SimplePoly City - Low Poly Assets/Textures/Vehicle_Police Car.png using Guid(c0aa9f00c18fd8f40babb473766f37eb) Importer(815301076,1909f56bfc062723c751e8b465ee728b)  -> (artifact id: 'b1756b8d1e0af63c4e9690086aac89ed') in 0.026528 seconds
Number of updated asset objects reloaded before import = 0
Number of asset objects unloaded after import = 2
========================================================================
Received Import Request.
  Time since last request: 0.007931 seconds.
  path: Assets/Assets/SimplePoly City - Low Poly Assets/Textures/Vehicle_SUV_3.png
  artifactKey: Guid(c7411d1e8e5de194b87905fdd4856618) Importer(815301076,1909f56bfc062723c751e8b465ee728b)
Start importing Assets/Assets/SimplePoly City - Low Poly Assets/Textures/Vehicle_SUV_3.png using Guid(c7411d1e8e5de194b87905fdd4856618) Importer(815301076,1909f56bfc062723c751e8b465ee728b)  -> (artifact id: '37bb478eaa88b3cda053ea0a2dd99e9a') in 0.032542 seconds
Number of updated asset objects reloaded before import = 0
Number of asset objects unloaded after import = 2
========================================================================
Received Import Request.
  Time since last request: 2.678269 seconds.
  path: Assets/Assets/SimplePoly City - Low Poly Assets/Textures/Vehicle_Truck_1.png
  artifactKey: Guid(e595569ca689c8c4ead585e8746e4fbb) Importer(815301076,1909f56bfc062723c751e8b465ee728b)
Start importing Assets/Assets/SimplePoly City - Low Poly Assets/Textures/Vehicle_Truck_1.png using Guid(e595569ca689c8c4ead585e8746e4fbb) Importer(815301076,1909f56bfc062723c751e8b465ee728b)  -> (artifact id: '9b0d191e01883d679bfa1c954387162b') in 0.035859 seconds
Number of updated asset objects reloaded before import = 0
Number of asset objects unloaded after import = 2
========================================================================
Received Import Request.
  Time since last request: 0.000015 seconds.
  path: Assets/Plugins/TextMesh Pro/Examples & Extras/Textures/Wipe Pattern - Circle.psd
  artifactKey: Guid(10c49fcd9c64421db7c0133e61e55f97) Importer(815301076,1909f56bfc062723c751e8b465ee728b)
Start importing Assets/Plugins/TextMesh Pro/Examples & Extras/Textures/Wipe Pattern - Circle.psd using Guid(10c49fcd9c64421db7c0133e61e55f97) Importer(815301076,1909f56bfc062723c751e8b465ee728b)  -> (artifact id: '526ae75039151413cc7b60568ce8ab11') in 0.021231 seconds
Number of updated asset objects reloaded before import = 0
Number of asset objects unloaded after import = 2
========================================================================
Received Import Request.
  Time since last request: 0.000075 seconds.
  path: Assets/Plugins/TextMesh Pro/Examples & Extras/Textures/Wipe Pattern - Radial Double.psd
  artifactKey: Guid(7631f4eff8f74ed38eb3eb9db17134e1) Importer(815301076,1909f56bfc062723c751e8b465ee728b)
Start importing Assets/Plugins/TextMesh Pro/Examples & Extras/Textures/Wipe Pattern - Radial Double.psd using Guid(7631f4eff8f74ed38eb3eb9db17134e1) Importer(815301076,1909f56bfc062723c751e8b465ee728b)  -> (artifact id: 'ecf8b72c080fe643e32a3468f26e11f5') in 0.029956 seconds
Number of updated asset objects reloaded before import = 0
Number of asset objects unloaded after import = 2
========================================================================
Received Import Request.
  Time since last request: 0.009670 seconds.
  path: Assets/Assets/Old Sea Port/EffectExamples/Shared/Textures/wood_tiled_02_o.tif
  artifactKey: Guid(3f61242b237377e4590f4e6d1c869079) Importer(815301076,1909f56bfc062723c751e8b465ee728b)
Start importing Assets/Assets/Old Sea Port/EffectExamples/Shared/Textures/wood_tiled_02_o.tif using Guid(3f61242b237377e4590f4e6d1c869079) Importer(815301076,1909f56bfc062723c751e8b465ee728b)  -> (artifact id: '5b0348a80b5d8e37e61f02ff6cfd2abf') in 0.133690 seconds
Number of updated asset objects reloaded before import = 0
Number of asset objects unloaded after import = 2
========================================================================
Received Import Request.
  Time since last request: 0.000021 seconds.
  path: Assets/Assets/Old Sea Port/EffectExamples/Shared/Textures/WoodNormals.tif
  artifactKey: Guid(d6a42d710971e07418e30f9a047b65b6) Importer(815301076,1909f56bfc062723c751e8b465ee728b)
Start importing Assets/Assets/Old Sea Port/EffectExamples/Shared/Textures/WoodNormals.tif using Guid(d6a42d710971e07418e30f9a047b65b6) Importer(815301076,1909f56bfc062723c751e8b465ee728b)  -> (artifact id: '8c1b77bdcbc938a5ba57c9c34a88e998') in 0.078985 seconds
Number of updated asset objects reloaded before import = 0
Number of asset objects unloaded after import = 2
========================================================================
Received Import Request.
  Time since last request: 94.574441 seconds.
  path: Assets/Images/Ekran gÃ¶rÃ¼ntÃ¼sÃ¼ 2025-04-20 151356.jpg
  artifactKey: Guid(4b8b97bbd122f2446b8026b88518a4ae) Importer(815301076,1909f56bfc062723c751e8b465ee728b)
Start importing Assets/Images/Ekran gÃ¶rÃ¼ntÃ¼sÃ¼ 2025-04-20 151356.jpg using Guid(4b8b97bbd122f2446b8026b88518a4ae) Importer(815301076,1909f56bfc062723c751e8b465ee728b)  -> (artifact id: '65a31a06e4820215534cce3d14274e4c') in 0.030604 seconds
Number of updated asset objects reloaded before import = 0
Number of asset objects unloaded after import = 2
========================================================================
Received Import Request.
  Time since last request: 133.067454 seconds.
  path: Assets/Plugins/TextMesh Pro/Examples & Extras/Prefabs/Text Popup.prefab
  artifactKey: Guid(b06f0e6c1dfa4356ac918da1bb32c603) Importer(815301076,1909f56bfc062723c751e8b465ee728b)
Start importing Assets/Plugins/TextMesh Pro/Examples & Extras/Prefabs/Text Popup.prefab using Guid(b06f0e6c1dfa4356ac918da1bb32c603) Importer(815301076,1909f56bfc062723c751e8b465ee728b)  -> (artifact id: 'c15d8d5de7f881c33adb483a8eb5f3f2') in 0.051864 seconds
Number of updated asset objects reloaded before import = 0
Number of asset objects unloaded after import = 21
========================================================================
Received Import Request.
  Time since last request: 0.000014 seconds.
  path: Assets/Plugins/TextMesh Pro/Examples & Extras/Prefabs/TextMeshPro - Prefab 2.prefab
  artifactKey: Guid(fdad9d952ae84cafb74c63f2e694d042) Importer(815301076,1909f56bfc062723c751e8b465ee728b)
Start importing Assets/Plugins/TextMesh Pro/Examples & Extras/Prefabs/TextMeshPro - Prefab 2.prefab using Guid(fdad9d952ae84cafb74c63f2e694d042) Importer(815301076,1909f56bfc062723c751e8b465ee728b)  -> (artifact id: 'ba98d1c1478af8876c3347fd1e9a7f61') in 0.024307 seconds
Number of updated asset objects reloaded before import = 0
Number of asset objects unloaded after import = 16
========================================================================
Received Import Request.
  Time since last request: 6.927475 seconds.
  path: Assets/Plugins/TextMesh Pro/Examples & Extras/Scenes/01-  Single Line TextMesh Pro.unity
  artifactKey: Guid(2ac8cf212df6445e8aebbe3cb832e993) Importer(815301076,1909f56bfc062723c751e8b465ee728b)
Start importing Assets/Plugins/TextMesh Pro/Examples & Extras/Scenes/01-  Single Line TextMesh Pro.unity using Guid(2ac8cf212df6445e8aebbe3cb832e993) Importer(815301076,1909f56bfc062723c751e8b465ee728b)  -> (artifact id: '2c0d214ac52686d15d3edc9fa1e41ee4') in 0.000714 seconds
Number of updated asset objects reloaded before import = 0
Number of asset objects unloaded after import = 0
========================================================================
Received Import Request.
  Time since last request: 2.816995 seconds.
  path: Assets/Plugins/TextMesh Pro/Examples & Extras/Scenes/02 - Multi-line TextMesh Pro.unity
  artifactKey: Guid(251716609f634449bfe8ce75c0ed78fe) Importer(815301076,1909f56bfc062723c751e8b465ee728b)
Start importing Assets/Plugins/TextMesh Pro/Examples & Extras/Scenes/02 - Multi-line TextMesh Pro.unity using Guid(251716609f634449bfe8ce75c0ed78fe) Importer(815301076,1909f56bfc062723c751e8b465ee728b)  -> (artifact id: '11335648dca0f70372bbb7728fdacf4b') in 0.000682 seconds
Number of updated asset objects reloaded before import = 0
Number of asset objects unloaded after import = 0
========================================================================
Received Import Request.
  Time since last request: 1.459642 seconds.
  path: Assets/Plugins/TextMesh Pro/Examples & Extras/Scenes/03 - Line Justification.unity
  artifactKey: Guid(21a509e1d3cd49978623fa564adb6f02) Importer(815301076,1909f56bfc062723c751e8b465ee728b)
Start importing Assets/Plugins/TextMesh Pro/Examples & Extras/Scenes/03 - Line Justification.unity using Guid(21a509e1d3cd49978623fa564adb6f02) Importer(815301076,1909f56bfc062723c751e8b465ee728b)  -> (artifact id: '21af798bec12b103d1f8a00f8c77c3ef') in 0.000560 seconds
Number of updated asset objects reloaded before import = 0
Number of asset objects unloaded after import = 0
========================================================================
Received Import Request.
  Time since last request: 0.920458 seconds.
  path: Assets/Plugins/TextMesh Pro/Examples & Extras/Scenes/04 - Word Wrapping.unity
  artifactKey: Guid(8f7137eacd7042d5b17ef0efe5e744f5) Importer(815301076,1909f56bfc062723c751e8b465ee728b)
Start importing Assets/Plugins/TextMesh Pro/Examples & Extras/Scenes/04 - Word Wrapping.unity using Guid(8f7137eacd7042d5b17ef0efe5e744f5) Importer(815301076,1909f56bfc062723c751e8b465ee728b)  -> (artifact id: '81687b226e22d48c732e135040e42f60') in 0.001323 seconds
Number of updated asset objects reloaded before import = 0
Number of asset objects unloaded after import = 0
========================================================================
Received Import Request.
  Time since last request: 0.849858 seconds.
  path: Assets/Plugins/TextMesh Pro/Examples & Extras/Scenes/05 - Style Tags.unity
  artifactKey: Guid(70615243e2be4a81afaab9bf5d273d65) Importer(815301076,1909f56bfc062723c751e8b465ee728b)
Start importing Assets/Plugins/TextMesh Pro/Examples & Extras/Scenes/05 - Style Tags.unity using Guid(70615243e2be4a81afaab9bf5d273d65) Importer(815301076,1909f56bfc062723c751e8b465ee728b)  -> (artifact id: '79f32e83d59adb884c95416482036393') in 0.000617 seconds
Number of updated asset objects reloaded before import = 0
Number of asset objects unloaded after import = 0
========================================================================
Received Import Request.
  Time since last request: 0.599249 seconds.
  path: Assets/Plugins/TextMesh Pro/Examples & Extras/Scenes/06 - Extra Rich Text Examples.unity
  artifactKey: Guid(39a1fa96ad2a449b908fca29d4297a74) Importer(815301076,1909f56bfc062723c751e8b465ee728b)
Start importing Assets/Plugins/TextMesh Pro/Examples & Extras/Scenes/06 - Extra Rich Text Examples.unity using Guid(39a1fa96ad2a449b908fca29d4297a74) Importer(815301076,1909f56bfc062723c751e8b465ee728b)  -> (artifact id: 'e8f27fe63f8ffbb1bbc7ccdfda386991') in 0.000708 seconds
Number of updated asset objects reloaded before import = 0
Number of asset objects unloaded after import = 0
========================================================================
Received Import Request.
  Time since last request: 11.291017 seconds.
  path: Assets/Materials/FalseBlockMat.mat
  artifactKey: Guid(9411e6b7c61625c4faaf4b1ebfd351fd) Importer(815301076,1909f56bfc062723c751e8b465ee728b)
Start importing Assets/Materials/FalseBlockMat.mat using Guid(9411e6b7c61625c4faaf4b1ebfd351fd) Importer(815301076,1909f56bfc062723c751e8b465ee728b)  -> (artifact id: '2ac609fe34440df10d6c4802043e4ae6') in 0.125894 seconds
Number of updated asset objects reloaded before import = 0
Number of asset objects unloaded after import = 1
========================================================================
Received Import Request.
  Time since last request: 4.874830 seconds.
  path: Assets/Scenes/Level_1.unity
  artifactKey: Guid(9fc0d4010bbf28b4594072e72b8655ab) Importer(815301076,1909f56bfc062723c751e8b465ee728b)
Start importing Assets/Scenes/Level_1.unity using Guid(9fc0d4010bbf28b4594072e72b8655ab) Importer(815301076,1909f56bfc062723c751e8b465ee728b)  -> (artifact id: '31fdf1672b93e7cc5f791ad30597c639') in 0.000480 seconds
Number of updated asset objects reloaded before import = 0
Number of asset objects unloaded after import = 0
========================================================================
Received Import Request.
  Time since last request: 13.857354 seconds.
  path: Assets/Scenes/Level_2.unity
  artifactKey: Guid(fd296f2e990bbeb4b847c3e5475d2757) Importer(815301076,1909f56bfc062723c751e8b465ee728b)
Start importing Assets/Scenes/Level_2.unity using Guid(fd296f2e990bbeb4b847c3e5475d2757) Importer(815301076,1909f56bfc062723c751e8b465ee728b)  -> (artifact id: 'ee84252c59201e8950a384c111d443b4') in 0.000820 seconds
Number of updated asset objects reloaded before import = 0
Number of asset objects unloaded after import = 0
========================================================================
Received Import Request.
  Time since last request: 121.592420 seconds.
  path: Assets/Prefabs/Environment.prefab
  artifactKey: Guid(d579d05340168c042814e0069e7e4ca9) Importer(815301076,1909f56bfc062723c751e8b465ee728b)
Start importing Assets/Prefabs/Environment.prefab using Guid(d579d05340168c042814e0069e7e4ca9) Importer(815301076,1909f56bfc062723c751e8b465ee728b)  -> (artifact id: 'db820ad19bd4e23d9c2d9d0cd178f084') in 3.237864 seconds
Number of updated asset objects reloaded before import = 0
Number of asset objects unloaded after import = 2818
========================================================================
Received Import Request.
  Time since last request: 0.000037 seconds.
  path: Assets/Assets/SimplePoly City - Low Poly Assets/Prefab/Buildings/Building Sky_big_color03.prefab
  artifactKey: Guid(1d3fc70685d97b748ac1264d8da02551) Importer(815301076,1909f56bfc062723c751e8b465ee728b)
Start importing Assets/Assets/SimplePoly City - Low Poly Assets/Prefab/Buildings/Building Sky_big_color03.prefab using Guid(1d3fc70685d97b748ac1264d8da02551) Importer(815301076,1909f56bfc062723c751e8b465ee728b)  -> (artifact id: '2a63a5b4ff4d2384de723924f36d6cea') in 0.199379 seconds
Number of updated asset objects reloaded before import = 0
Number of asset objects unloaded after import = 9
========================================================================
Received Import Request.
  Time since last request: 0.000028 seconds.
  path: Assets/Assets/SimplePoly City - Low Poly Assets/Prefab/Buildings/Building_House_02_color02.prefab
  artifactKey: Guid(8c3b216cc2b6dc04496d15009bc913cd) Importer(815301076,1909f56bfc062723c751e8b465ee728b)
Start importing Assets/Assets/SimplePoly City - Low Poly Assets/Prefab/Buildings/Building_House_02_color02.prefab using Guid(8c3b216cc2b6dc04496d15009bc913cd) Importer(815301076,1909f56bfc062723c751e8b465ee728b)  -> (artifact id: 'f909343c88be068b51234ffb952a135c') in 0.067421 seconds
Number of updated asset objects reloaded before import = 0
Number of asset objects unloaded after import = 9
========================================================================
Received Import Request.
  Time since last request: 0.000034 seconds.
  path: Assets/Assets/SimplePoly City - Low Poly Assets/Prefab/Buildings/Building_Fast Food.prefab
  artifactKey: Guid(4dc7028a3a83758439585b7c7c98cb27) Importer(815301076,1909f56bfc062723c751e8b465ee728b)
Start importing Assets/Assets/SimplePoly City - Low Poly Assets/Prefab/Buildings/Building_Fast Food.prefab using Guid(4dc7028a3a83758439585b7c7c98cb27) Importer(815301076,1909f56bfc062723c751e8b465ee728b)  -> (artifact id: '4aaa7dd1daa9541fa54674cb42f2de54') in 0.057774 seconds
Number of updated asset objects reloaded before import = 0
Number of asset objects unloaded after import = 9
========================================================================
Received Import Request.
  Time since last request: 0.000023 seconds.
  path: Assets/Assets/SimplePoly City - Low Poly Assets/Prefab/Buildings/Building_Factory.prefab
  artifactKey: Guid(f6674c1362ba984468bc1e71a2323d66) Importer(815301076,1909f56bfc062723c751e8b465ee728b)
Start importing Assets/Assets/SimplePoly City - Low Poly Assets/Prefab/Buildings/Building_Factory.prefab using Guid(f6674c1362ba984468bc1e71a2323d66) Importer(815301076,1909f56bfc062723c751e8b465ee728b)  -> (artifact id: 'a46fc7e5cdf2934cc783a64e3516594c') in 0.055508 seconds
Number of updated asset objects reloaded before import = 0
Number of asset objects unloaded after import = 9
========================================================================
Received Import Request.
  Time since last request: 0.000116 seconds.
  path: Assets/Assets/SimplePoly City - Low Poly Assets/Prefab/Buildings/Building_House_03_color01.prefab
  artifactKey: Guid(11c264ca1bac5d74d883c776435fa684) Importer(815301076,1909f56bfc062723c751e8b465ee728b)
Start importing Assets/Assets/SimplePoly City - Low Poly Assets/Prefab/Buildings/Building_House_03_color01.prefab using Guid(11c264ca1bac5d74d883c776435fa684) Importer(815301076,1909f56bfc062723c751e8b465ee728b)  -> (artifact id: '1e9988c1d5949f521ab176e9bb78604b') in 0.050543 seconds
Number of updated asset objects reloaded before import = 0
Number of asset objects unloaded after import = 9
========================================================================
Received Import Request.
  Time since last request: 0.000029 seconds.
  path: Assets/Assets/SimplePoly City - Low Poly Assets/Prefab/Buildings/Building_Bakery.prefab
  artifactKey: Guid(65abb0f1b521f834bae80ea4c9d93734) Importer(815301076,1909f56bfc062723c751e8b465ee728b)
Start importing Assets/Assets/SimplePoly City - Low Poly Assets/Prefab/Buildings/Building_Bakery.prefab using Guid(65abb0f1b521f834bae80ea4c9d93734) Importer(815301076,1909f56bfc062723c751e8b465ee728b)  -> (artifact id: '0cdb6e765feee1c5b711663490824538') in 0.049792 seconds
Number of updated asset objects reloaded before import = 0
Number of asset objects unloaded after import = 9
========================================================================
Received Import Request.
  Time since last request: 0.000023 seconds.
  path: Assets/Assets/SimplePoly City - Low Poly Assets/Prefab/Buildings/Building_Coffee Shop.prefab
  artifactKey: Guid(e1d9101af5d96d94ca99efe2de0bac21) Importer(815301076,1909f56bfc062723c751e8b465ee728b)
Start importing Assets/Assets/SimplePoly City - Low Poly Assets/Prefab/Buildings/Building_Coffee Shop.prefab using Guid(e1d9101af5d96d94ca99efe2de0bac21) Importer(815301076,1909f56bfc062723c751e8b465ee728b)  -> (artifact id: 'a88bf9bcfd85cdbdbaf57cefa5e04092') in 0.086790 seconds
Number of updated asset objects reloaded before import = 0
Number of asset objects unloaded after import = 9
========================================================================
Received Import Request.
  Time since last request: 0.000022 seconds.
  path: Assets/Assets/SimplePoly City - Low Poly Assets/Prefab/Buildings/Building Sky_big_color01.prefab
  artifactKey: Guid(22106dc63dce41746ad234a91af2d657) Importer(815301076,1909f56bfc062723c751e8b465ee728b)
Start importing Assets/Assets/SimplePoly City - Low Poly Assets/Prefab/Buildings/Building Sky_big_color01.prefab using Guid(22106dc63dce41746ad234a91af2d657) Importer(815301076,1909f56bfc062723c751e8b465ee728b)  -> (artifact id: '2630ffce2b76a7c7b80c1b6dea5b2b60') in 0.039779 seconds
Number of updated asset objects reloaded before import = 0
Number of asset objects unloaded after import = 9
========================================================================
Received Import Request.
  Time since last request: 0.000016 seconds.
  path: Assets/Assets/SimplePoly City - Low Poly Assets/Prefab/Buildings/Building Sky_small_color01.prefab
  artifactKey: Guid(6a690a756dbd65141a09a3ad7fafacc4) Importer(815301076,1909f56bfc062723c751e8b465ee728b)
Start importing Assets/Assets/SimplePoly City - Low Poly Assets/Prefab/Buildings/Building Sky_small_color01.prefab using Guid(6a690a756dbd65141a09a3ad7fafacc4) Importer(815301076,1909f56bfc062723c751e8b465ee728b)  -> (artifact id: '25ea06835839a2b4c621fee048b00775') in 0.042866 seconds
Number of updated asset objects reloaded before import = 0
Number of asset objects unloaded after import = 9
========================================================================
Received Import Request.
  Time since last request: 0.000017 seconds.
  path: Assets/Assets/Old Sea Port/prefabs/brick_column_1.prefab
  artifactKey: Guid(4154bf6e40fe42543a525d9b4fbc965f) Importer(815301076,1909f56bfc062723c751e8b465ee728b)
Start importing Assets/Assets/Old Sea Port/prefabs/brick_column_1.prefab using Guid(4154bf6e40fe42543a525d9b4fbc965f) Importer(815301076,1909f56bfc062723c751e8b465ee728b)  -> (artifact id: '3f6a5132ad3a2b8227d806f636a447cd') in 0.166179 seconds
Number of updated asset objects reloaded before import = 0
Number of asset objects unloaded after import = 21
========================================================================
Received Import Request.
  Time since last request: 0.000071 seconds.
  path: Assets/Assets/SimplePoly City - Low Poly Assets/Prefab/Buildings/Building_House_02_color01.prefab
  artifactKey: Guid(142c9543c08ae014bad9d177ad54a989) Importer(815301076,1909f56bfc062723c751e8b465ee728b)
Start importing Assets/Assets/SimplePoly City - Low Poly Assets/Prefab/Buildings/Building_House_02_color01.prefab using Guid(142c9543c08ae014bad9d177ad54a989) Importer(815301076,1909f56bfc062723c751e8b465ee728b)  -> (artifact id: '1bcb5d09a38cb84c7621d7f57bb80558') in 0.042552 seconds
Number of updated asset objects reloaded before import = 0
Number of asset objects unloaded after import = 9
========================================================================
Received Import Request.
  Time since last request: 0.000035 seconds.
  path: Assets/Assets/SimplePoly City - Low Poly Assets/Prefab/Buildings/Building_House_01_color01.prefab
  artifactKey: Guid(66131d8838f42f545a30ce8606ce5365) Importer(815301076,1909f56bfc062723c751e8b465ee728b)
Start importing Assets/Assets/SimplePoly City - Low Poly Assets/Prefab/Buildings/Building_House_01_color01.prefab using Guid(66131d8838f42f545a30ce8606ce5365) Importer(815301076,1909f56bfc062723c751e8b465ee728b)  -> (artifact id: '825dc2a6255acff9c01d813f481456ce') in 0.059420 seconds
Number of updated asset objects reloaded before import = 0
Number of asset objects unloaded after import = 9
========================================================================
Received Import Request.
  Time since last request: 0.000027 seconds.
  path: Assets/Assets/FX/Prefabs/Area/Area_magic_multicolor.prefab
  artifactKey: Guid(81a74a0aefeb7674ca32535d1a269b4a) Importer(815301076,1909f56bfc062723c751e8b465ee728b)
Start importing Assets/Assets/FX/Prefabs/Area/Area_magic_multicolor.prefab using Guid(81a74a0aefeb7674ca32535d1a269b4a) Importer(815301076,1909f56bfc062723c751e8b465ee728b)  -> (artifact id: '111179efb780997794625a42172fc224') in 0.083329 seconds
Number of updated asset objects reloaded before import = 0
Number of asset objects unloaded after import = 40
========================================================================
Received Import Request.
  Time since last request: 0.022219 seconds.
  path: Assets/Assets/FX/Prefabs/Area/Area_fire_red.prefab
  artifactKey: Guid(af0d06ad2f476cc43be23ac0f464a510) Importer(815301076,1909f56bfc062723c751e8b465ee728b)
Start importing Assets/Assets/FX/Prefabs/Area/Area_fire_red.prefab using Guid(af0d06ad2f476cc43be23ac0f464a510) Importer(815301076,1909f56bfc062723c751e8b465ee728b)  -> (artifact id: '96f7f805b22d04e013dd6223cb5ee548') in 0.062238 seconds
Number of updated asset objects reloaded before import = 0
Number of asset objects unloaded after import = 40
========================================================================
Received Import Request.
  Time since last request: 0.000020 seconds.
  path: Assets/Assets/Old Sea Port/prefabs/bottle.prefab
  artifactKey: Guid(67833d6ba7c887d48933b3682ee1df40) Importer(815301076,1909f56bfc062723c751e8b465ee728b)
Start importing Assets/Assets/Old Sea Port/prefabs/bottle.prefab using Guid(67833d6ba7c887d48933b3682ee1df40) Importer(815301076,1909f56bfc062723c751e8b465ee728b)  -> (artifact id: 'f899208adfa4f7c1a0ebff057247f871') in 0.040668 seconds
Number of updated asset objects reloaded before import = 0
Number of asset objects unloaded after import = 10
========================================================================
Received Import Request.
  Time since last request: 0.000031 seconds.
  path: Assets/Assets/FX/Prefabs/Area/Area_star_ellow.prefab
  artifactKey: Guid(07a977963523b3b4dbcaa27119f6b469) Importer(815301076,1909f56bfc062723c751e8b465ee728b)
Start importing Assets/Assets/FX/Prefabs/Area/Area_star_ellow.prefab using Guid(07a977963523b3b4dbcaa27119f6b469) Importer(815301076,1909f56bfc062723c751e8b465ee728b)  -> (artifact id: '3189681d2e93d76e3749cedb5ca509c4') in 0.036513 seconds
Number of updated asset objects reloaded before import = 0
Number of asset objects unloaded after import = 45
========================================================================
Received Import Request.
  Time since last request: 0.000022 seconds.
  path: Assets/Assets/SimplePoly City - Low Poly Assets/Prefab/Buildings/Building_Gift Shop.prefab
  artifactKey: Guid(9ccda285cd5f1ce4fa00133b50ba5cbc) Importer(815301076,1909f56bfc062723c751e8b465ee728b)
Start importing Assets/Assets/SimplePoly City - Low Poly Assets/Prefab/Buildings/Building_Gift Shop.prefab using Guid(9ccda285cd5f1ce4fa00133b50ba5cbc) Importer(815301076,1909f56bfc062723c751e8b465ee728b)  -> (artifact id: 'da65ce25dfb7c9104a0ad3f4030351fd') in 0.057499 seconds
Number of updated asset objects reloaded before import = 0
Number of asset objects unloaded after import = 9
========================================================================
Received Import Request.
  Time since last request: 0.000022 seconds.
  path: Assets/Assets/FX/Prefabs/Area/Area_circles_blue.prefab
  artifactKey: Guid(cdc919a43bba95b4a8b6916b6aa5321d) Importer(815301076,1909f56bfc062723c751e8b465ee728b)
Start importing Assets/Assets/FX/Prefabs/Area/Area_circles_blue.prefab using Guid(cdc919a43bba95b4a8b6916b6aa5321d) Importer(815301076,1909f56bfc062723c751e8b465ee728b)  -> (artifact id: '9e817cd77bd04625538ea46bc4d1ac0e') in 0.029792 seconds
Number of updated asset objects reloaded before import = 0
Number of asset objects unloaded after import = 28
========================================================================
Received Import Request.
  Time since last request: 0.000015 seconds.
  path: Assets/Assets/Stylized Nature Kit Lite/Prefabs/Foliage/Branch/Branch.prefab
  artifactKey: Guid(362fbd4477668ab4a956faef2e191ccf) Importer(815301076,1909f56bfc062723c751e8b465ee728b)
Start importing Assets/Assets/Stylized Nature Kit Lite/Prefabs/Foliage/Branch/Branch.prefab using Guid(362fbd4477668ab4a956faef2e191ccf) Importer(815301076,1909f56bfc062723c751e8b465ee728b)  -> (artifact id: '7983b2879992b4ae58cf6bab3148ddd3') in 0.141239 seconds
Number of updated asset objects reloaded before import = 0
Number of asset objects unloaded after import = 28
========================================================================
Received Import Request.
  Time since last request: 0.000020 seconds.
  path: Assets/Assets/SimplePoly City - Low Poly Assets/Prefab/Buildings/Building_Auto Service.prefab
  artifactKey: Guid(121f662ea65e2cf40a50c66470757a9e) Importer(815301076,1909f56bfc062723c751e8b465ee728b)
Start importing Assets/Assets/SimplePoly City - Low Poly Assets/Prefab/Buildings/Building_Auto Service.prefab using Guid(121f662ea65e2cf40a50c66470757a9e) Importer(815301076,1909f56bfc062723c751e8b465ee728b)  -> (artifact id: '1e8c0abd49648469e2d1ac54f5a53a8a') in 0.050185 seconds
Number of updated asset objects reloaded before import = 0
Number of asset objects unloaded after import = 9
========================================================================
Received Import Request.
  Time since last request: 0.000044 seconds.
  path: Assets/Assets/SimplePoly City - Low Poly Assets/Prefab/Buildings/Building_House_02_color03.prefab
  artifactKey: Guid(3a0bc997d3424474696ad8d2e7d684ab) Importer(815301076,1909f56bfc062723c751e8b465ee728b)
Start importing Assets/Assets/SimplePoly City - Low Poly Assets/Prefab/Buildings/Building_House_02_color03.prefab using Guid(3a0bc997d3424474696ad8d2e7d684ab) Importer(815301076,1909f56bfc062723c751e8b465ee728b)  -> (artifact id: '05a9972a069242492b9877649ab4ffb3') in 0.041333 seconds
Number of updated asset objects reloaded before import = 0
Number of asset objects unloaded after import = 9
========================================================================
Received Import Request.
  Time since last request: 0.000024 seconds.
  path: Assets/Assets/SimplePoly City - Low Poly Assets/Prefab/Buildings/Building_Clothing.prefab
  artifactKey: Guid(0c7bcaa85c9494849bc7a0a18b7f3324) Importer(815301076,1909f56bfc062723c751e8b465ee728b)
Start importing Assets/Assets/SimplePoly City - Low Poly Assets/Prefab/Buildings/Building_Clothing.prefab using Guid(0c7bcaa85c9494849bc7a0a18b7f3324) Importer(815301076,1909f56bfc062723c751e8b465ee728b)  -> (artifact id: 'a5455c6eac7306f778f220c8cb6b7f89') in 0.052401 seconds
Number of updated asset objects reloaded before import = 0
Number of asset objects unloaded after import = 9
========================================================================
Received Import Request.
  Time since last request: 1.854103 seconds.
  path: Assets/Assets/SimplePoly City - Low Poly Assets/Prefab/Buildings/Building_House_03_color02.prefab
  artifactKey: Guid(e2ffb9183a7dce445adfb3d2d4d7bfd6) Importer(815301076,1909f56bfc062723c751e8b465ee728b)
Start importing Assets/Assets/SimplePoly City - Low Poly Assets/Prefab/Buildings/Building_House_03_color02.prefab using Guid(e2ffb9183a7dce445adfb3d2d4d7bfd6) Importer(815301076,1909f56bfc062723c751e8b465ee728b)  -> (artifact id: 'e344f5a5d604d4de22d9b04f4b8e8f21') in 0.024698 seconds
Number of updated asset objects reloaded before import = 0
Number of asset objects unloaded after import = 9
========================================================================
Received Import Request.
  Time since last request: 0.000016 seconds.
  path: Assets/Assets/SimplePoly City - Low Poly Assets/Prefab/Buildings/Building_House_04_color01.prefab
  artifactKey: Guid(63243ce2fd6113e4384abc2d949cb799) Importer(815301076,1909f56bfc062723c751e8b465ee728b)
Start importing Assets/Assets/SimplePoly City - Low Poly Assets/Prefab/Buildings/Building_House_04_color01.prefab using Guid(63243ce2fd6113e4384abc2d949cb799) Importer(815301076,1909f56bfc062723c751e8b465ee728b)  -> (artifact id: 'd580502ba24c95ff876a7b2ca5c29ae2') in 0.034720 seconds
Number of updated asset objects reloaded before import = 0
Number of asset objects unloaded after import = 9
========================================================================
Received Import Request.
  Time since last request: 0.000017 seconds.
  path: Assets/Assets/SimplePoly City - Low Poly Assets/Prefab/Buildings/Building_Music Store.prefab
  artifactKey: Guid(1682119d19a954f4a8020f36112606ed) Importer(815301076,1909f56bfc062723c751e8b465ee728b)
Start importing Assets/Assets/SimplePoly City - Low Poly Assets/Prefab/Buildings/Building_Music Store.prefab using Guid(1682119d19a954f4a8020f36112606ed) Importer(815301076,1909f56bfc062723c751e8b465ee728b)  -> (artifact id: '3690e2a0642640408916c0c2e52cf73b') in 0.046019 seconds
Number of updated asset objects reloaded before import = 0
Number of asset objects unloaded after import = 11
========================================================================
Received Import Request.
  Time since last request: 0.000021 seconds.
  path: Assets/Assets/Old Sea Port/prefabs/building_segment_6.prefab
  artifactKey: Guid(7d609f7b85b8b834c967c9708aa167ee) Importer(815301076,1909f56bfc062723c751e8b465ee728b)
Start importing Assets/Assets/Old Sea Port/prefabs/building_segment_6.prefab using Guid(7d609f7b85b8b834c967c9708aa167ee) Importer(815301076,1909f56bfc062723c751e8b465ee728b)  -> (artifact id: 'b881125992bc46b43e342fe44e2d04ed') in 0.202085 seconds
Number of updated asset objects reloaded before import = 0
Number of asset objects unloaded after import = 13
========================================================================
Received Import Request.
  Time since last request: 0.000029 seconds.
  path: Assets/Assets/FX/Prefabs/Confetti/Confetti_directional_multicolor.prefab
  artifactKey: Guid(ed962e35f7fa6f34f8d27aa6d19ea293) Importer(815301076,1909f56bfc062723c751e8b465ee728b)
Start importing Assets/Assets/FX/Prefabs/Confetti/Confetti_directional_multicolor.prefab using Guid(ed962e35f7fa6f34f8d27aa6d19ea293) Importer(815301076,1909f56bfc062723c751e8b465ee728b)  -> (artifact id: 'b8ca8627baffb5d3184d78bf3f56e823') in 0.026204 seconds
Number of updated asset objects reloaded before import = 0
Number of asset objects unloaded after import = 42
========================================================================
Received Import Request.
  Time since last request: 0.000021 seconds.
  path: Assets/Assets/Old Sea Port/prefabs/building_segment_3.prefab
  artifactKey: Guid(dee3db12ee2f57c41af34c16d2fde197) Importer(815301076,1909f56bfc062723c751e8b465ee728b)
Start importing Assets/Assets/Old Sea Port/prefabs/building_segment_3.prefab using Guid(dee3db12ee2f57c41af34c16d2fde197) Importer(815301076,1909f56bfc062723c751e8b465ee728b)  -> (artifact id: '822495230b1a08e732f12fdc6801b850') in 0.165652 seconds
Number of updated asset objects reloaded before import = 0
Number of asset objects unloaded after import = 13
========================================================================
Received Import Request.
  Time since last request: 0.000019 seconds.
  path: Assets/Assets/Old Sea Port/prefabs/building_segment_2.prefab
  artifactKey: Guid(e2815925c4988c3438817c46d19d1b3f) Importer(815301076,1909f56bfc062723c751e8b465ee728b)
Start importing Assets/Assets/Old Sea Port/prefabs/building_segment_2.prefab using Guid(e2815925c4988c3438817c46d19d1b3f) Importer(815301076,1909f56bfc062723c751e8b465ee728b)  -> (artifact id: 'efc0ed2ee422ef89db0afff9dc856781') in 0.188130 seconds
Number of updated asset objects reloaded before import = 0
Number of asset objects unloaded after import = 13
========================================================================
Received Import Request.
  Time since last request: 0.000019 seconds.
  path: Assets/Assets/Old Sea Port/prefabs/fireplace.prefab
  artifactKey: Guid(1bf9bc82a9760b2488a711e79d36551e) Importer(815301076,1909f56bfc062723c751e8b465ee728b)
Start importing Assets/Assets/Old Sea Port/prefabs/fireplace.prefab using Guid(1bf9bc82a9760b2488a711e79d36551e) Importer(815301076,1909f56bfc062723c751e8b465ee728b)  -> (artifact id: 'd766a01f917da5453208fd9c97b21186') in 0.134185 seconds
Number of updated asset objects reloaded before import = 0
Number of asset objects unloaded after import = 12
========================================================================
Received Import Request.
  Time since last request: 0.000043 seconds.
  path: Assets/Assets/Old Sea Port/prefabs/fence_gate.prefab
  artifactKey: Guid(5cd829d670d42cf458be57a99ad05bf4) Importer(815301076,1909f56bfc062723c751e8b465ee728b)
Start importing Assets/Assets/Old Sea Port/prefabs/fence_gate.prefab using Guid(5cd829d670d42cf458be57a99ad05bf4) Importer(815301076,1909f56bfc062723c751e8b465ee728b)  -> (artifact id: 'c015d604a2f5570bb211ba956616e43d') in 0.054264 seconds
Number of updated asset objects reloaded before import = 0
Number of asset objects unloaded after import = 10
========================================================================
Received Import Request.
  Time since last request: 0.000026 seconds.
  path: Assets/Assets/Stylized Nature Kit Lite/Prefabs/Foliage/Bush/Bush.prefab
  artifactKey: Guid(3f8eda438d8aeab4d9223c5b53f5ef62) Importer(815301076,1909f56bfc062723c751e8b465ee728b)
Start importing Assets/Assets/Stylized Nature Kit Lite/Prefabs/Foliage/Bush/Bush.prefab using Guid(3f8eda438d8aeab4d9223c5b53f5ef62) Importer(815301076,1909f56bfc062723c751e8b465ee728b)  -> (artifact id: '035011620a7f99ac1a16b6a43f2cec17') in 0.211834 seconds
Number of updated asset objects reloaded before import = 0
Number of asset objects unloaded after import = 28
========================================================================
Received Import Request.
  Time since last request: 0.000052 seconds.
  path: Assets/Assets/SimplePoly City - Low Poly Assets/Prefab/Buildings/Building_Restaurant.prefab
  artifactKey: Guid(bc532b78ce09f234ea01da2deecfe035) Importer(815301076,1909f56bfc062723c751e8b465ee728b)
Start importing Assets/Assets/SimplePoly City - Low Poly Assets/Prefab/Buildings/Building_Restaurant.prefab using Guid(bc532b78ce09f234ea01da2deecfe035) Importer(815301076,1909f56bfc062723c751e8b465ee728b)  -> (artifact id: 'da6cbe440c295ba1b9f701d9239fe0bb') in 0.071079 seconds
Number of updated asset objects reloaded before import = 0
Number of asset objects unloaded after import = 9
========================================================================
Received Import Request.
  Time since last request: 0.000048 seconds.
  path: Assets/Assets/SimplePoly City - Low Poly Assets/Prefab/Buildings/Building_Residential_color01.prefab
  artifactKey: Guid(921b4e33443ab5943afa3c4841e74cae) Importer(815301076,1909f56bfc062723c751e8b465ee728b)
Start importing Assets/Assets/SimplePoly City - Low Poly Assets/Prefab/Buildings/Building_Residential_color01.prefab using Guid(921b4e33443ab5943afa3c4841e74cae) Importer(815301076,1909f56bfc062723c751e8b465ee728b)  -> (artifact id: '5bc4bfa3ccb559ba47caa9457cfd862f') in 0.101914 seconds
Number of updated asset objects reloaded before import = 0
Number of asset objects unloaded after import = 9
========================================================================
Received Import Request.
  Time since last request: 0.000035 seconds.
  path: Assets/Assets/FX/Prefabs/Flash/Flash_round_ellow.prefab
  artifactKey: Guid(dcd90c4976197424b9958a7c54b6bb8c) Importer(815301076,1909f56bfc062723c751e8b465ee728b)
Start importing Assets/Assets/FX/Prefabs/Flash/Flash_round_ellow.prefab using Guid(dcd90c4976197424b9958a7c54b6bb8c) Importer(815301076,1909f56bfc062723c751e8b465ee728b)  -> (artifact id: '8177d096c1bf02ca4cad05dc70d621bf') in 0.051888 seconds
Number of updated asset objects reloaded before import = 0
Number of asset objects unloaded after import = 21
========================================================================
Received Import Request.
  Time since last request: 0.000031 seconds.
  path: Assets/Assets/SimplePoly City - Low Poly Assets/Prefab/Buildings/Building_Shoes Shop.prefab
  artifactKey: Guid(52f969fb493f02248ba2e0ab07d6d81f) Importer(815301076,1909f56bfc062723c751e8b465ee728b)
Start importing Assets/Assets/SimplePoly City - Low Poly Assets/Prefab/Buildings/Building_Shoes Shop.prefab using Guid(52f969fb493f02248ba2e0ab07d6d81f) Importer(815301076,1909f56bfc062723c751e8b465ee728b)  -> (artifact id: 'cf1292b0e727cce607a7f647bbecba1d') in 0.077903 seconds
Number of updated asset objects reloaded before import = 0
Number of asset objects unloaded after import = 9
========================================================================
Received Import Request.
  Time since last request: 0.000021 seconds.
  path: Assets/Assets/FX/Prefabs/Flash/Flash_magic_ellow_blue.prefab
  artifactKey: Guid(895c6d094b6b213418cddcfb520298e9) Importer(815301076,1909f56bfc062723c751e8b465ee728b)
Start importing Assets/Assets/FX/Prefabs/Flash/Flash_magic_ellow_blue.prefab using Guid(895c6d094b6b213418cddcfb520298e9) Importer(815301076,1909f56bfc062723c751e8b465ee728b)  -> (artifact id: 'feab9c4b1b66d2bffb1be2e18ec035b6') in 0.030423 seconds
Number of updated asset objects reloaded before import = 0
Number of asset objects unloaded after import = 32
========================================================================
Received Import Request.
  Time since last request: 0.000048 seconds.
  path: Assets/Assets/FX/Prefabs/Flash/Flash_star_ellow_purple.prefab
  artifactKey: Guid(b219c04f384e7f345bb8ae1fef443965) Importer(815301076,1909f56bfc062723c751e8b465ee728b)
Start importing Assets/Assets/FX/Prefabs/Flash/Flash_star_ellow_purple.prefab using Guid(b219c04f384e7f345bb8ae1fef443965) Importer(815301076,1909f56bfc062723c751e8b465ee728b)  -> (artifact id: '7586fdbebd1126119f453946f8f9bfd7') in 0.028281 seconds
Number of updated asset objects reloaded before import = 0
Number of asset objects unloaded after import = 35
========================================================================
Received Import Request.
  Time since last request: 0.000015 seconds.
  path: Packages/com.unity.xr.arfoundation/Assets/Prefabs/DebugMenu.prefab
  artifactKey: Guid(ef3886a9667424aedaa5b3b3e1285dbb) Importer(815301076,1909f56bfc062723c751e8b465ee728b)
Start importing Packages/com.unity.xr.arfoundation/Assets/Prefabs/DebugMenu.prefab using Guid(ef3886a9667424aedaa5b3b3e1285dbb) Importer(815301076,1909f56bfc062723c751e8b465ee728b)  -> (artifact id: '64310ab0f4cc839b0172e5c4d02bd986') in 0.137231 seconds
Number of updated asset objects reloaded before import = 0
Number of asset objects unloaded after import = 408
========================================================================
Received Import Request.
  Time since last request: 0.000015 seconds.
  path: Assets/Assets/FX/Prefabs/Confetti/Confetti_blast_multicolor.prefab
  artifactKey: Guid(2e79f16be10fbd14f8d5ef191f8db4aa) Importer(815301076,1909f56bfc062723c751e8b465ee728b)
Start importing Assets/Assets/FX/Prefabs/Confetti/Confetti_blast_multicolor.prefab using Guid(2e79f16be10fbd14f8d5ef191f8db4aa) Importer(815301076,1909f56bfc062723c751e8b465ee728b)  -> (artifact id: '7044d20e8f5270f1d52ec579b8e1e510') in 0.023469 seconds
Number of updated asset objects reloaded before import = 0
Number of asset objects unloaded after import = 31
========================================================================
Received Import Request.
  Time since last request: 0.000017 seconds.
  path: Assets/Assets/Old Sea Port/prefabs/crate_2.prefab
  artifactKey: Guid(9f35541b213a65340a8e088b7f3ab551) Importer(815301076,1909f56bfc062723c751e8b465ee728b)
Start importing Assets/Assets/Old Sea Port/prefabs/crate_2.prefab using Guid(9f35541b213a65340a8e088b7f3ab551) Importer(815301076,1909f56bfc062723c751e8b465ee728b)  -> (artifact id: '3ff9cb7f56a2d7d0cd384269781eaff2') in 0.151512 seconds
Number of updated asset objects reloaded before import = 0
Number of asset objects unloaded after import = 12
========================================================================
Received Import Request.
  Time since last request: 0.000032 seconds.
  path: Assets/Assets/Old Sea Port/prefabs/dock_1.prefab
  artifactKey: Guid(c8dbbd17831aecb419cf9f688e85e672) Importer(815301076,1909f56bfc062723c751e8b465ee728b)
Start importing Assets/Assets/Old Sea Port/prefabs/dock_1.prefab using Guid(c8dbbd17831aecb419cf9f688e85e672) Importer(815301076,1909f56bfc062723c751e8b465ee728b)  -> (artifact id: 'f044cdfaa98d901ccedfcf745c04b049') in 0.467991 seconds
Number of updated asset objects reloaded before import = 0
Number of asset objects unloaded after import = 30
========================================================================
Received Import Request.
  Time since last request: 0.000030 seconds.
  path: Packages/com.unity.xr.arfoundation/Assets/Prefabs/DebugLineRenderer.prefab
  artifactKey: Guid(6a8d857d8706540509e4fcd02ea92f74) Importer(815301076,1909f56bfc062723c751e8b465ee728b)
Start importing Packages/com.unity.xr.arfoundation/Assets/Prefabs/DebugLineRenderer.prefab using Guid(6a8d857d8706540509e4fcd02ea92f74) Importer(815301076,1909f56bfc062723c751e8b465ee728b)  -> (artifact id: '95808cfed0f318f7d4d4f33733689df5') in 0.051394 seconds
Number of updated asset objects reloaded before import = 0
Number of asset objects unloaded after import = 5
========================================================================
Received Import Request.
  Time since last request: 0.000021 seconds.
  path: Assets/Assets/Stylized Nature Kit Lite/Prefabs/Water/Detailed Water.prefab
  artifactKey: Guid(cdafd6d66f108e740a95731699638c87) Importer(815301076,1909f56bfc062723c751e8b465ee728b)
Start importing Assets/Assets/Stylized Nature Kit Lite/Prefabs/Water/Detailed Water.prefab using Guid(cdafd6d66f108e740a95731699638c87) Importer(815301076,1909f56bfc062723c751e8b465ee728b)  -> (artifact id: 'da1f037164c7de8a8a42cf538173206c') in 0.221781 seconds
Number of updated asset objects reloaded before import = 0
Number of asset objects unloaded after import = 27
========================================================================
Received Import Request.
  Time since last request: 0.000017 seconds.
  path: Assets/Assets/SimplePoly City - Low Poly Assets/Prefab/Buildings/Building_Residential_color02.prefab
  artifactKey: Guid(246bcb60ae5be3744a4ea86bab749f44) Importer(815301076,1909f56bfc062723c751e8b465ee728b)
Start importing Assets/Assets/SimplePoly City - Low Poly Assets/Prefab/Buildings/Building_Residential_color02.prefab using Guid(246bcb60ae5be3744a4ea86bab749f44) Importer(815301076,1909f56bfc062723c751e8b465ee728b)  -> (artifact id: 'b7ef3e8834c0195c9240b7669e566c25') in 0.036337 seconds
Number of updated asset objects reloaded before import = 0
Number of asset objects unloaded after import = 9
========================================================================
Received Import Request.
  Time since last request: 0.000051 seconds.
  path: Assets/Assets/Old Sea Port/prefabs/fence_segment_2.prefab
  artifactKey: Guid(b2d53ad90721dcf489a412c5f39415eb) Importer(815301076,1909f56bfc062723c751e8b465ee728b)
Start importing Assets/Assets/Old Sea Port/prefabs/fence_segment_2.prefab using Guid(b2d53ad90721dcf489a412c5f39415eb) Importer(815301076,1909f56bfc062723c751e8b465ee728b)  -> (artifact id: '1e676178b2d06c23fc125cbe2cd2485a') in 0.021624 seconds
Number of updated asset objects reloaded before import = 0
Number of asset objects unloaded after import = 10
========================================================================
Received Import Request.
  Time since last request: 0.000023 seconds.
  path: Assets/Assets/FX/Prefabs/Flash/Flash_star_ellow_green.prefab
  artifactKey: Guid(052d5f6cf7d3ebc44bba49fbe653f9a8) Importer(815301076,1909f56bfc062723c751e8b465ee728b)
Start importing Assets/Assets/FX/Prefabs/Flash/Flash_star_ellow_green.prefab using Guid(052d5f6cf7d3ebc44bba49fbe653f9a8) Importer(815301076,1909f56bfc062723c751e8b465ee728b)  -> (artifact id: '27d14e3728d9c9bcc1bac0fcd685aff4') in 0.028545 seconds
Number of updated asset objects reloaded before import = 0
Number of asset objects unloaded after import = 35
========================================================================
Received Import Request.
  Time since last request: 0.000016 seconds.
  path: Assets/Assets/SimplePoly City - Low Poly Assets/Prefab/Buildings/Building_Stadium.prefab
  artifactKey: Guid(00b78b03851cb0748b61d9005fb73b49) Importer(815301076,1909f56bfc062723c751e8b465ee728b)
Start importing Assets/Assets/SimplePoly City - Low Poly Assets/Prefab/Buildings/Building_Stadium.prefab using Guid(00b78b03851cb0748b61d9005fb73b49) Importer(815301076,1909f56bfc062723c751e8b465ee728b)  -> (artifact id: 'ab84b055236470fe23bb37ad3f81baff') in 0.053529 seconds
Number of updated asset objects reloaded before import = 0
Number of asset objects unloaded after import = 9
========================================================================
Received Import Request.
  Time since last request: 0.000017 seconds.
  path: Assets/Assets/FX/Prefabs/Dust/Dust_permanently_blue.prefab
  artifactKey: Guid(4e12b3c53c0f8ee4da83655d8d2770d5) Importer(815301076,1909f56bfc062723c751e8b465ee728b)
Start importing Assets/Assets/FX/Prefabs/Dust/Dust_permanently_blue.prefab using Guid(4e12b3c53c0f8ee4da83655d8d2770d5) Importer(815301076,1909f56bfc062723c751e8b465ee728b)  -> (artifact id: 'ec6eea02c7b9998663b985e64867e882') in 0.023422 seconds
Number of updated asset objects reloaded before import = 0
Number of asset objects unloaded after import = 23
========================================================================
Received Import Request.
  Time since last request: 0.000032 seconds.
  path: Assets/Assets/SimplePoly City - Low Poly Assets/Prefab/Buildings/Building_Residential_color03.prefab
  artifactKey: Guid(0064eb002f3790247969e12119bbf9d2) Importer(815301076,1909f56bfc062723c751e8b465ee728b)
Start importing Assets/Assets/SimplePoly City - Low Poly Assets/Prefab/Buildings/Building_Residential_color03.prefab using Guid(0064eb002f3790247969e12119bbf9d2) Importer(815301076,1909f56bfc062723c751e8b465ee728b)  -> (artifact id: '50d5d4e0c04aea3ec67b7481c267f9c9') in 0.038819 seconds
Number of updated asset objects reloaded before import = 0
Number of asset objects unloaded after import = 9
========================================================================
Received Import Request.
  Time since last request: 0.000021 seconds.
  path: Assets/Assets/Old Sea Port/prefabs/building_segment_5.prefab
  artifactKey: Guid(8fb5db1b50a4ab341a6b80aff9aa352c) Importer(815301076,1909f56bfc062723c751e8b465ee728b)
Start importing Assets/Assets/Old Sea Port/prefabs/building_segment_5.prefab using Guid(8fb5db1b50a4ab341a6b80aff9aa352c) Importer(815301076,1909f56bfc062723c751e8b465ee728b)  -> (artifact id: '695ebc4acc65aeb080458884149c4128') in 0.149384 seconds
Number of updated asset objects reloaded before import = 0
Number of asset objects unloaded after import = 13
========================================================================
Received Import Request.
  Time since last request: 0.000027 seconds.
  path: Assets/Assets/Old Sea Port/EffectExamples/FireExplosionEffects/Prefabs/FlamesParticleEffect.prefab
  artifactKey: Guid(3228a22491941734bb83ad691d17fcb9) Importer(815301076,1909f56bfc062723c751e8b465ee728b)
Start importing Assets/Assets/Old Sea Port/EffectExamples/FireExplosionEffects/Prefabs/FlamesParticleEffect.prefab using Guid(3228a22491941734bb83ad691d17fcb9) Importer(815301076,1909f56bfc062723c751e8b465ee728b)  -> (artifact id: 'e74e487d0c9d345465c78fbf3c08573e') in 0.036136 seconds
Number of updated asset objects reloaded before import = 0
Number of asset objects unloaded after import = 21
========================================================================
Received Import Request.
  Time since last request: 0.000036 seconds.
  path: Assets/Assets/SimplePoly City - Low Poly Assets/Prefab/Buildings/Building_House_04_color03.prefab
  artifactKey: Guid(b8365ae9a93a2e8498ae3c2646f3c455) Importer(815301076,1909f56bfc062723c751e8b465ee728b)
Start importing Assets/Assets/SimplePoly City - Low Poly Assets/Prefab/Buildings/Building_House_04_color03.prefab using Guid(b8365ae9a93a2e8498ae3c2646f3c455) Importer(815301076,1909f56bfc062723c751e8b465ee728b)  -> (artifact id: 'f3a65045634b7eacda99303135dff455') in 0.036329 seconds
Number of updated asset objects reloaded before import = 0
Number of asset objects unloaded after import = 9
========================================================================
Received Import Request.
  Time since last request: 0.000015 seconds.
  path: Assets/Assets/Stylized Nature Kit Lite/Prefabs/Water/Flat Water.prefab
  artifactKey: Guid(5fefc0dfb09c11f4f8e6f283b9e9aa33) Importer(815301076,1909f56bfc062723c751e8b465ee728b)
Start importing Assets/Assets/Stylized Nature Kit Lite/Prefabs/Water/Flat Water.prefab using Guid(5fefc0dfb09c11f4f8e6f283b9e9aa33) Importer(815301076,1909f56bfc062723c751e8b465ee728b)  -> (artifact id: '958c9aec891dd26f359b15c26e36be25') in 0.021896 seconds
Number of updated asset objects reloaded before import = 0
Number of asset objects unloaded after import = 9
========================================================================
Received Import Request.
  Time since last request: 0.000017 seconds.
  path: Assets/Assets/Stylized Nature Kit Lite/Prefabs/Foliage/Flower/Flower.prefab
  artifactKey: Guid(43999c511a596754fb989ff074c5955d) Importer(815301076,1909f56bfc062723c751e8b465ee728b)
Start importing Assets/Assets/Stylized Nature Kit Lite/Prefabs/Foliage/Flower/Flower.prefab using Guid(43999c511a596754fb989ff074c5955d) Importer(815301076,1909f56bfc062723c751e8b465ee728b)  -> (artifact id: '6ce226a0d98c99bbd5baa5a05210e69e') in 0.081282 seconds
Number of updated asset objects reloaded before import = 0
Number of asset objects unloaded after import = 32
========================================================================
Received Import Request.
  Time since last request: 0.000027 seconds.
  path: Assets/Assets/Old Sea Port/prefabs/Log_1.prefab
  artifactKey: Guid(d76a78a721a5d9d499abc8aec19fdc8b) Importer(815301076,1909f56bfc062723c751e8b465ee728b)
Start importing Assets/Assets/Old Sea Port/prefabs/Log_1.prefab using Guid(d76a78a721a5d9d499abc8aec19fdc8b) Importer(815301076,1909f56bfc062723c751e8b465ee728b)  -> (artifact id: '3540dd1d0a1edcf90d0c8783249965d7') in 0.175815 seconds
Number of updated asset objects reloaded before import = 0
Number of asset objects unloaded after import = 17
========================================================================
Received Import Request.
  Time since last request: 0.000022 seconds.
  path: Assets/Assets/Old Sea Port/prefabs/mooring_rope_holder_3.prefab
  artifactKey: Guid(b962e54cbd3b92c438734c5811b1ee30) Importer(815301076,1909f56bfc062723c751e8b465ee728b)
Start importing Assets/Assets/Old Sea Port/prefabs/mooring_rope_holder_3.prefab using Guid(b962e54cbd3b92c438734c5811b1ee30) Importer(815301076,1909f56bfc062723c751e8b465ee728b)  -> (artifact id: 'f9088f350c7cd2400bd094c6bffce5d0') in 0.018475 seconds
Number of updated asset objects reloaded before import = 0
Number of asset objects unloaded after import = 12
========================================================================
Received Import Request.
  Time since last request: 0.000026 seconds.
  path: Assets/Assets/Stylized Nature Kit Lite/Prefabs/Foliage/Mushroom/Mushrooms Patch.prefab
  artifactKey: Guid(d0fa3c49b2c9cd84bb5a644c53ef025e) Importer(815301076,1909f56bfc062723c751e8b465ee728b)
Start importing Assets/Assets/Stylized Nature Kit Lite/Prefabs/Foliage/Mushroom/Mushrooms Patch.prefab using Guid(d0fa3c49b2c9cd84bb5a644c53ef025e) Importer(815301076,1909f56bfc062723c751e8b465ee728b)  -> (artifact id: 'df3a8413df52e27c6421763887acbd80') in 0.064930 seconds
Number of updated asset objects reloaded before import = 0
Number of asset objects unloaded after import = 28
========================================================================
Received Import Request.
  Time since last request: 0.002927 seconds.
  path: Assets/Assets/SimplePoly City - Low Poly Assets/Prefab/Natures/Natures_Cube Tree.prefab
  artifactKey: Guid(8b680e0f7699a254c84ed6737b7eb53d) Importer(815301076,1909f56bfc062723c751e8b465ee728b)
Start importing Assets/Assets/SimplePoly City - Low Poly Assets/Prefab/Natures/Natures_Cube Tree.prefab using Guid(8b680e0f7699a254c84ed6737b7eb53d) Importer(815301076,1909f56bfc062723c751e8b465ee728b)  -> (artifact id: '7ca291cfce19dd5ff63ce030bc34a8d2') in 0.073135 seconds
Number of updated asset objects reloaded before import = 0
Number of asset objects unloaded after import = 9
========================================================================
Received Import Request.
  Time since last request: 0.000024 seconds.
  path: Assets/Assets/Old Sea Port/prefabs/hammer.prefab
  artifactKey: Guid(4c5f317e11e66414bba628410251d90c) Importer(815301076,1909f56bfc062723c751e8b465ee728b)
Start importing Assets/Assets/Old Sea Port/prefabs/hammer.prefab using Guid(4c5f317e11e66414bba628410251d90c) Importer(815301076,1909f56bfc062723c751e8b465ee728b)  -> (artifact id: '54003b3bbb90f8c49d589a768af4264d') in 0.131824 seconds
Number of updated asset objects reloaded before import = 0
Number of asset objects unloaded after import = 14
========================================================================
Received Import Request.
  Time since last request: 0.000025 seconds.
  path: Assets/Assets/Old Sea Port/prefabs/mooring_rope_holder_1.prefab
  artifactKey: Guid(88b977c6c0cb6f347a2b35f97b16cdc4) Importer(815301076,1909f56bfc062723c751e8b465ee728b)
Start importing Assets/Assets/Old Sea Port/prefabs/mooring_rope_holder_1.prefab using Guid(88b977c6c0cb6f347a2b35f97b16cdc4) Importer(815301076,1909f56bfc062723c751e8b465ee728b)  -> (artifact id: 'c63eaf358560bc490cbcbb4548e961b8') in 0.042082 seconds
Number of updated asset objects reloaded before import = 0
Number of asset objects unloaded after import = 20
========================================================================
Received Import Request.
  Time since last request: 0.000029 seconds.
  path: Assets/Assets/Stylized Nature Kit Lite/Prefabs/Foliage/Log/Log.prefab
  artifactKey: Guid(4b21e533c871dba4bb5c56ba22947be8) Importer(815301076,1909f56bfc062723c751e8b465ee728b)
Start importing Assets/Assets/Stylized Nature Kit Lite/Prefabs/Foliage/Log/Log.prefab using Guid(4b21e533c871dba4bb5c56ba22947be8) Importer(815301076,1909f56bfc062723c751e8b465ee728b)  -> (artifact id: '79a8aa79ce6c6c0bc6393f7cb147500f') in 0.026271 seconds
Number of updated asset objects reloaded before import = 0
Number of asset objects unloaded after import = 32
========================================================================
Received Import Request.
  Time since last request: 0.000021 seconds.
  path: Assets/Assets/Old Sea Port/EffectExamples/Shared/Prefabs/Metal.prefab
  artifactKey: Guid(560a71b792ff85a4ba8f839081f9a379) Importer(815301076,1909f56bfc062723c751e8b465ee728b)
Start importing Assets/Assets/Old Sea Port/EffectExamples/Shared/Prefabs/Metal.prefab using Guid(560a71b792ff85a4ba8f839081f9a379) Importer(815301076,1909f56bfc062723c751e8b465ee728b)  -> (artifact id: 'd6ced3a01968cf7d02b4619da56ea48e') in 0.023655 seconds
Number of updated asset objects reloaded before import = 0
Number of asset objects unloaded after import = 14
========================================================================
Received Import Request.
  Time since last request: 0.000033 seconds.
  path: Assets/Assets/SimplePoly City - Low Poly Assets/Prefab/Natures/Natures_Bush_02.prefab
  artifactKey: Guid(f75f232634166cc459a69e7fd7a30880) Importer(815301076,1909f56bfc062723c751e8b465ee728b)
Start importing Assets/Assets/SimplePoly City - Low Poly Assets/Prefab/Natures/Natures_Bush_02.prefab using Guid(f75f232634166cc459a69e7fd7a30880) Importer(815301076,1909f56bfc062723c751e8b465ee728b)  -> (artifact id: '920761871d1b390cfcfe3bb40c43bdd6') in 0.022238 seconds
Number of updated asset objects reloaded before import = 0
Number of asset objects unloaded after import = 9
========================================================================
Received Import Request.
  Time since last request: 0.000067 seconds.
  path: Assets/Assets/Old Sea Port/EffectExamples/Shared/Prefabs/Flesh.prefab
  artifactKey: Guid(a7034287e2bd6a141ab896f71d0b1357) Importer(815301076,1909f56bfc062723c751e8b465ee728b)
Start importing Assets/Assets/Old Sea Port/EffectExamples/Shared/Prefabs/Flesh.prefab using Guid(a7034287e2bd6a141ab896f71d0b1357) Importer(815301076,1909f56bfc062723c751e8b465ee728b)  -> (artifact id: 'b578662704fcb22598d2979b9012882d') in 0.256651 seconds
Number of updated asset objects reloaded before import = 0
Number of asset objects unloaded after import = 15
========================================================================
Received Import Request.
  Time since last request: 0.228133 seconds.
  path: Assets/Assets/SimplePoly City - Low Poly Assets/Prefab/Natures/Natures_Fir Tree.prefab
  artifactKey: Guid(2509cc5763ca17f4598bf61fd585a93e) Importer(815301076,1909f56bfc062723c751e8b465ee728b)
Start importing Assets/Assets/SimplePoly City - Low Poly Assets/Prefab/Natures/Natures_Fir Tree.prefab using Guid(2509cc5763ca17f4598bf61fd585a93e) Importer(815301076,1909f56bfc062723c751e8b465ee728b)  -> (artifact id: '7c9b20c4a70ebc65a4cd05fe34baf197') in 0.027010 seconds
Number of updated asset objects reloaded before import = 0
Number of asset objects unloaded after import = 9
========================================================================
Received Import Request.
  Time since last request: 0.000020 seconds.
  path: Assets/Assets/SimplePoly City - Low Poly Assets/Prefab/Natures/Natures_Grass Fence.prefab
  artifactKey: Guid(b14aef9a05449784da6735de9ec90b24) Importer(815301076,1909f56bfc062723c751e8b465ee728b)
Start importing Assets/Assets/SimplePoly City - Low Poly Assets/Prefab/Natures/Natures_Grass Fence.prefab using Guid(b14aef9a05449784da6735de9ec90b24) Importer(815301076,1909f56bfc062723c751e8b465ee728b)  -> (artifact id: '53c09858e38bb90df0091b0343ded447') in 0.027391 seconds
Number of updated asset objects reloaded before import = 0
Number of asset objects unloaded after import = 9
========================================================================
Received Import Request.
  Time since last request: 0.000017 seconds.
  path: Assets/Assets/SimplePoly City - Low Poly Assets/Prefab/Natures/Natures_House Floor.prefab
  artifactKey: Guid(2d5fb229ae2945742b900a405a5e7a0b) Importer(815301076,1909f56bfc062723c751e8b465ee728b)
Start importing Assets/Assets/SimplePoly City - Low Poly Assets/Prefab/Natures/Natures_House Floor.prefab using Guid(2d5fb229ae2945742b900a405a5e7a0b) Importer(815301076,1909f56bfc062723c751e8b465ee728b)  -> (artifact id: '9c1f803e5328beb41aea66e4f5672bb0') in 0.029170 seconds
Number of updated asset objects reloaded before import = 0
Number of asset objects unloaded after import = 11
========================================================================
Received Import Request.
  Time since last request: 0.000017 seconds.
  path: Assets/Assets/SimplePoly City - Low Poly Assets/Prefab/Natures/Natures_Rock_Big.prefab
  artifactKey: Guid(dac1a631b172e66469fb09e9987bcf57) Importer(815301076,1909f56bfc062723c751e8b465ee728b)
Start importing Assets/Assets/SimplePoly City - Low Poly Assets/Prefab/Natures/Natures_Rock_Big.prefab using Guid(dac1a631b172e66469fb09e9987bcf57) Importer(815301076,1909f56bfc062723c751e8b465ee728b)  -> (artifact id: '1e34af13517a0eb7856373d7730699f3') in 0.039081 seconds
Number of updated asset objects reloaded before import = 0
Number of asset objects unloaded after import = 9
========================================================================
Received Import Request.
  Time since last request: 0.000022 seconds.
  path: Assets/Assets/SimplePoly City - Low Poly Assets/Prefab/Natures/Natures_Rock_small.prefab
  artifactKey: Guid(9ec25066ec33fa84d9227e27c5f5a8a0) Importer(815301076,1909f56bfc062723c751e8b465ee728b)
Start importing Assets/Assets/SimplePoly City - Low Poly Assets/Prefab/Natures/Natures_Rock_small.prefab using Guid(9ec25066ec33fa84d9227e27c5f5a8a0) Importer(815301076,1909f56bfc062723c751e8b465ee728b)  -> (artifact id: '411ef604071bee021dbd2feccf3de114') in 0.026034 seconds
Number of updated asset objects reloaded before import = 0
Number of asset objects unloaded after import = 9
========================================================================
Received Import Request.
  Time since last request: 0.444480 seconds.
  path: Assets/Assets/Old Sea Port/prefabs/Old Sea Port_Tree.prefab
  artifactKey: Guid(060de24b039008143aa190133e1fb8e7) Importer(815301076,1909f56bfc062723c751e8b465ee728b)
Start importing Assets/Assets/Old Sea Port/prefabs/Old Sea Port_Tree.prefab using Guid(060de24b039008143aa190133e1fb8e7) Importer(815301076,1909f56bfc062723c751e8b465ee728b)  -> (artifact id: '4d8a8badce0f6376dadba20fe07c4bca') in 0.056898 seconds
Number of updated asset objects reloaded before import = 0
Number of asset objects unloaded after import = 11
========================================================================
Received Import Request.
  Time since last request: 0.000020 seconds.
  path: Assets/Assets/Old Sea Port/prefabs/post_1.prefab
  artifactKey: Guid(5cf375f9208bd17468242e6d1c3cc819) Importer(815301076,1909f56bfc062723c751e8b465ee728b)
Start importing Assets/Assets/Old Sea Port/prefabs/post_1.prefab using Guid(5cf375f9208bd17468242e6d1c3cc819) Importer(815301076,1909f56bfc062723c751e8b465ee728b)  -> (artifact id: '4d88ed7ec6df1f7d7eebb3edbf869913') in 0.079393 seconds
Number of updated asset objects reloaded before import = 0
Number of asset objects unloaded after import = 13
========================================================================
Received Import Request.
  Time since last request: 0.000031 seconds.
  path: Assets/Assets/Old Sea Port/prefabs/post_2.prefab
  artifactKey: Guid(c8b19df230669df4eb91d90849f0c80a) Importer(815301076,1909f56bfc062723c751e8b465ee728b)
Start importing Assets/Assets/Old Sea Port/prefabs/post_2.prefab using Guid(c8b19df230669df4eb91d90849f0c80a) Importer(815301076,1909f56bfc062723c751e8b465ee728b)  -> (artifact id: '1442a6793dc1a423bd81d1e6133d418a') in 0.076108 seconds
Number of updated asset objects reloaded before import = 0
Number of asset objects unloaded after import = 13
========================================================================
Received Import Request.
  Time since last request: 0.000017 seconds.
  path: Assets/Assets/SimplePoly City - Low Poly Assets/Prefab/Props/Props_Bench_2.prefab
  artifactKey: Guid(6458a4c9f91f22741a5064b5b7cfd892) Importer(815301076,1909f56bfc062723c751e8b465ee728b)
Start importing Assets/Assets/SimplePoly City - Low Poly Assets/Prefab/Props/Props_Bench_2.prefab using Guid(6458a4c9f91f22741a5064b5b7cfd892) Importer(815301076,1909f56bfc062723c751e8b465ee728b)  -> (artifact id: '810fa5d65f5cefdcbf2bf9ed5accd6f5') in 0.060211 seconds
Number of updated asset objects reloaded before import = 0
Number of asset objects unloaded after import = 9
========================================================================
Received Import Request.
  Time since last request: 1.403397 seconds.
  path: Assets/Assets/SimplePoly City - Low Poly Assets/Prefab/Props/Props_Bus Stop.prefab
  artifactKey: Guid(8fa324388c16b5c4eac9846338b35b17) Importer(815301076,1909f56bfc062723c751e8b465ee728b)
Start importing Assets/Assets/SimplePoly City - Low Poly Assets/Prefab/Props/Props_Bus Stop.prefab using Guid(8fa324388c16b5c4eac9846338b35b17) Importer(815301076,1909f56bfc062723c751e8b465ee728b)  -> (artifact id: 'abc1c808b54627efb2264e17f58f13db') in 0.030227 seconds
Number of updated asset objects reloaded before import = 0
Number of asset objects unloaded after import = 9
========================================================================
Received Import Request.
  Time since last request: 0.000016 seconds.
  path: Assets/Assets/SimplePoly City - Low Poly Assets/Prefab/Props/Props_Dustbin.prefab
  artifactKey: Guid(d59a4f6080634af41a616bc51af1d2d9) Importer(815301076,1909f56bfc062723c751e8b465ee728b)
Start importing Assets/Assets/SimplePoly City - Low Poly Assets/Prefab/Props/Props_Dustbin.prefab using Guid(d59a4f6080634af41a616bc51af1d2d9) Importer(815301076,1909f56bfc062723c751e8b465ee728b)  -> (artifact id: '69ab5b30328d0025df6f786ae3b4d181') in 0.028191 seconds
Number of updated asset objects reloaded before import = 0
Number of asset objects unloaded after import = 9
========================================================================
Received Import Request.
  Time since last request: 0.000017 seconds.
  path: Assets/Assets/SimplePoly City - Low Poly Assets/Prefab/Props/Props_Roof Antenna.prefab
  artifactKey: Guid(acf38ccf2258add4ba3aa2d89b708d2a) Importer(815301076,1909f56bfc062723c751e8b465ee728b)
Start importing Assets/Assets/SimplePoly City - Low Poly Assets/Prefab/Props/Props_Roof Antenna.prefab using Guid(acf38ccf2258add4ba3aa2d89b708d2a) Importer(815301076,1909f56bfc062723c751e8b465ee728b)  -> (artifact id: 'c9b0b682b815b3671389a2eac3a52828') in 0.048974 seconds
Number of updated asset objects reloaded before import = 0
Number of asset objects unloaded after import = 9
========================================================================
Received Import Request.
  Time since last request: 0.000079 seconds.
  path: Assets/Assets/SimplePoly City - Low Poly Assets/Prefab/Props/Props_Roof Solar Panel.prefab
  artifactKey: Guid(0fcc0b85550a21d4f8dea0cf26372739) Importer(815301076,1909f56bfc062723c751e8b465ee728b)
Start importing Assets/Assets/SimplePoly City - Low Poly Assets/Prefab/Props/Props_Roof Solar Panel.prefab using Guid(0fcc0b85550a21d4f8dea0cf26372739) Importer(815301076,1909f56bfc062723c751e8b465ee728b)  -> (artifact id: 'faf5416ba80f429a13f26d653b3ab11a') in 0.039092 seconds
Number of updated asset objects reloaded before import = 0
Number of asset objects unloaded after import = 9
========================================================================
Received Import Request.
  Time since last request: 1.756689 seconds.
  path: Assets/Assets/SimplePoly City - Low Poly Assets/Prefab/Props/Props_Street Light.prefab
  artifactKey: Guid(b8ee657c6800ab849bb30b4375d02323) Importer(815301076,1909f56bfc062723c751e8b465ee728b)
Start importing Assets/Assets/SimplePoly City - Low Poly Assets/Prefab/Props/Props_Street Light.prefab using Guid(b8ee657c6800ab849bb30b4375d02323) Importer(815301076,1909f56bfc062723c751e8b465ee728b)  -> (artifact id: '88885d150d774b7cefa18ea4f5e91894') in 0.091743 seconds
Number of updated asset objects reloaded before import = 0
Number of asset objects unloaded after import = 9
========================================================================
Received Import Request.
  Time since last request: 0.000021 seconds.
  path: Assets/Assets/SimplePoly City - Low Poly Assets/Prefab/Props/Props_Traffic Sign_speed limit.prefab
  artifactKey: Guid(6ade71c5c1c1d014895f70f40ed67ed5) Importer(815301076,1909f56bfc062723c751e8b465ee728b)
Start importing Assets/Assets/SimplePoly City - Low Poly Assets/Prefab/Props/Props_Traffic Sign_speed limit.prefab using Guid(6ade71c5c1c1d014895f70f40ed67ed5) Importer(815301076,1909f56bfc062723c751e8b465ee728b)  -> (artifact id: '03b9ff07e97a1ea4d90a05afcdea1a24') in 0.025618 seconds
Number of updated asset objects reloaded before import = 0
Number of asset objects unloaded after import = 9
========================================================================
Received Import Request.
  Time since last request: 0.000030 seconds.
  path: Assets/Assets/SimplePoly City - Low Poly Assets/Prefab/Props/Props_Traffic Signal_small.prefab
  artifactKey: Guid(2857b989c828950448ead142ca28e4a3) Importer(815301076,1909f56bfc062723c751e8b465ee728b)
Start importing Assets/Assets/SimplePoly City - Low Poly Assets/Prefab/Props/Props_Traffic Signal_small.prefab using Guid(2857b989c828950448ead142ca28e4a3) Importer(815301076,1909f56bfc062723c751e8b465ee728b)  -> (artifact id: '75ce277829bc9da6dfd8f96814e7147b') in 0.029023 seconds
Number of updated asset objects reloaded before import = 0
Number of asset objects unloaded after import = 9
========================================================================
Received Import Request.
  Time since last request: 0.004310 seconds.
  path: Assets/Assets/SimplePoly City - Low Poly Assets/Prefab/Roads/Road Concrete Tile.prefab
  artifactKey: Guid(d34e8533c8de8ec45869f9144584d929) Importer(815301076,1909f56bfc062723c751e8b465ee728b)
Start importing Assets/Assets/SimplePoly City - Low Poly Assets/Prefab/Roads/Road Concrete Tile.prefab using Guid(d34e8533c8de8ec45869f9144584d929) Importer(815301076,1909f56bfc062723c751e8b465ee728b)  -> (artifact id: '23b9bf312c1ad4ca8b1b34a02c8a892b') in 0.052114 seconds
Number of updated asset objects reloaded before import = 0
Number of asset objects unloaded after import = 9
========================================================================
Received Import Request.
  Time since last request: 0.000017 seconds.
  path: Assets/Assets/SimplePoly City - Low Poly Assets/Prefab/Roads/Road Lane Bus Stop.prefab
  artifactKey: Guid(3da5840b5d838524cb0128fbccf00053) Importer(815301076,1909f56bfc062723c751e8b465ee728b)
Start importing Assets/Assets/SimplePoly City - Low Poly Assets/Prefab/Roads/Road Lane Bus Stop.prefab using Guid(3da5840b5d838524cb0128fbccf00053) Importer(815301076,1909f56bfc062723c751e8b465ee728b)  -> (artifact id: '6ccd7eb943cff9549ece995cc8c035f5') in 0.034504 seconds
Number of updated asset objects reloaded before import = 0
Number of asset objects unloaded after import = 9
========================================================================
Received Import Request.
  Time since last request: 1.667447 seconds.
  path: Assets/Assets/SimplePoly City - Low Poly Assets/Prefab/Roads/Road Lane_02.prefab
  artifactKey: Guid(9bff4c4ffbc29a041a638ec3743c588d) Importer(815301076,1909f56bfc062723c751e8b465ee728b)
Start importing Assets/Assets/SimplePoly City - Low Poly Assets/Prefab/Roads/Road Lane_02.prefab using Guid(9bff4c4ffbc29a041a638ec3743c588d) Importer(815301076,1909f56bfc062723c751e8b465ee728b)  -> (artifact id: '69e671c6dd1b5d559904fa85db823adf') in 0.033842 seconds
Number of updated asset objects reloaded before import = 0
Number of asset objects unloaded after import = 9
========================================================================
Received Import Request.
  Time since last request: 0.000013 seconds.
  path: Assets/Assets/SimplePoly City - Low Poly Assets/Prefab/Roads/Road Sidewalk.prefab
  artifactKey: Guid(3181f15579d1b0c46872c9980226268b) Importer(815301076,1909f56bfc062723c751e8b465ee728b)
Start importing Assets/Assets/SimplePoly City - Low Poly Assets/Prefab/Roads/Road Sidewalk.prefab using Guid(3181f15579d1b0c46872c9980226268b) Importer(815301076,1909f56bfc062723c751e8b465ee728b)  -> (artifact id: '0b174ea51e03ebbe543cf6aad07ffed7') in 0.031471 seconds
Number of updated asset objects reloaded before import = 0
Number of asset objects unloaded after import = 9
========================================================================
Received Import Request.
  Time since last request: 0.000017 seconds.
  path: Assets/Assets/SimplePoly City - Low Poly Assets/Prefab/Roads/Road T_Intersection_02.prefab
  artifactKey: Guid(11b412f2ff905c341be6af606611e4a3) Importer(815301076,1909f56bfc062723c751e8b465ee728b)
Start importing Assets/Assets/SimplePoly City - Low Poly Assets/Prefab/Roads/Road T_Intersection_02.prefab using Guid(11b412f2ff905c341be6af606611e4a3) Importer(815301076,1909f56bfc062723c751e8b465ee728b)  -> (artifact id: 'fb6ffc0be17f1f45b1dfa527dfb10a70') in 0.032928 seconds
Number of updated asset objects reloaded before import = 0
Number of asset objects unloaded after import = 9
========================================================================
Received Import Request.
  Time since last request: 0.013012 seconds.
  path: Assets/Assets/Stylized Nature Kit Lite/Prefabs/Rocks/Rock Cliffs/Rock Cliff 1.prefab
  artifactKey: Guid(83145382902cecc4286a4f62b720fb37) Importer(815301076,1909f56bfc062723c751e8b465ee728b)
Start importing Assets/Assets/Stylized Nature Kit Lite/Prefabs/Rocks/Rock Cliffs/Rock Cliff 1.prefab using Guid(83145382902cecc4286a4f62b720fb37) Importer(815301076,1909f56bfc062723c751e8b465ee728b)  -> (artifact id: 'dba7764b5c0739523bd689b4dea3dda7') in 0.029512 seconds
Number of updated asset objects reloaded before import = 0
Number of asset objects unloaded after import = 28
========================================================================
Received Import Request.
  Time since last request: 0.000018 seconds.
  path: Assets/Assets/Stylized Nature Kit Lite/Prefabs/Rocks/Rock Cliffs/Rock Cliff 4.prefab
  artifactKey: Guid(dd1832de68cba8f48960216dac3c4f3e) Importer(815301076,1909f56bfc062723c751e8b465ee728b)
Start importing Assets/Assets/Stylized Nature Kit Lite/Prefabs/Rocks/Rock Cliffs/Rock Cliff 4.prefab using Guid(dd1832de68cba8f48960216dac3c4f3e) Importer(815301076,1909f56bfc062723c751e8b465ee728b)  -> (artifact id: '885c2441498cdb2251e43f51228999ad') in 0.033894 seconds
Number of updated asset objects reloaded before import = 0
Number of asset objects unloaded after import = 28
========================================================================
Received Import Request.
  Time since last request: 0.000016 seconds.
  path: Assets/Assets/FX/Prefabs/Shine/Shine_blue.prefab
  artifactKey: Guid(9442d241d2d8ecc47b49f256b55325c6) Importer(815301076,1909f56bfc062723c751e8b465ee728b)
Start importing Assets/Assets/FX/Prefabs/Shine/Shine_blue.prefab using Guid(9442d241d2d8ecc47b49f256b55325c6) Importer(815301076,1909f56bfc062723c751e8b465ee728b)  -> (artifact id: '1fefe84e3dc6924dbe4c90aa36a1d9b0') in 0.018465 seconds
Number of updated asset objects reloaded before import = 0
Number of asset objects unloaded after import = 29
========================================================================
Received Import Request.
  Time since last request: 0.000031 seconds.
  path: Assets/Assets/FX/Prefabs/Shine/Shine_pink.prefab
  artifactKey: Guid(2a409ab125c5216449bc5f005ec045f0) Importer(815301076,1909f56bfc062723c751e8b465ee728b)
Start importing Assets/Assets/FX/Prefabs/Shine/Shine_pink.prefab using Guid(2a409ab125c5216449bc5f005ec045f0) Importer(815301076,1909f56bfc062723c751e8b465ee728b)  -> (artifact id: '37998d3f59d521104f5028366f07930d') in 0.042669 seconds
Number of updated asset objects reloaded before import = 0
Number of asset objects unloaded after import = 29
Editor requested this worker to shutdown with reason: Scaling down because of idle timeout
TcpMessagingSession - receive error: operation aborted. errorcode: 995, details: Bir iþ parçacýðý çýkýþý veya bir uygulama isteði nedeniyle G/Ç iþlemi iptal edildi.
AssetImportWorker is now disconnected from the server
Process exiting
Exiting without the bug reporter. Application will terminate with return code 0