Using pre-set license
Built from '2022.3/staging' branch; Version is '2022.3.15f1 (b58023a2b463) revision 11894819'; Using compiler version '192829333'; Build Type 'Release'
OS: 'Windows 10  (10.0.19045) 64bit CoreSingleLanguage' Language: 'tr' Physical Memory: 8071 MB
BatchMode: 1, IsHumanControllingUs: 0, StartBugReporterOnCrash: 0, Is64bit: 1, IsPro: 1

COMMAND LINE ARGUMENTS:
C:\Program Files\Unity\Hub\Editor\2022.3.15f1\Editor\Unity.exe
-adb2
-batchMode
-noUpm
-name
AssetImportWorker0
-projectPath
C:/Users/KHARENIUM/Desktop/PuzzleKids
-logFile
Logs/AssetImportWorker0.log
-srvPort
61313
Successfully changed project path to: C:/Users/KHARENIUM/Desktop/PuzzleKids
C:/Users/KHARENIUM/Desktop/PuzzleKids
[UnityMemory] Configuration Parameters - Can be set up in boot.config
    "memorysetup-bucket-allocator-granularity=16"
    "memorysetup-bucket-allocator-bucket-count=8"
    "memorysetup-bucket-allocator-block-size=33554432"
    "memorysetup-bucket-allocator-block-count=8"
    "memorysetup-main-allocator-block-size=16777216"
    "memorysetup-thread-allocator-block-size=16777216"
    "memorysetup-gfx-main-allocator-block-size=16777216"
    "memorysetup-gfx-thread-allocator-block-size=16777216"
    "memorysetup-cache-allocator-block-size=4194304"
    "memorysetup-typetree-allocator-block-size=2097152"
    "memorysetup-profiler-bucket-allocator-granularity=16"
    "memorysetup-profiler-bucket-allocator-bucket-count=8"
    "memorysetup-profiler-bucket-allocator-block-size=33554432"
    "memorysetup-profiler-bucket-allocator-block-count=8"
    "memorysetup-profiler-allocator-block-size=16777216"
    "memorysetup-profiler-editor-allocator-block-size=1048576"
    "memorysetup-temp-allocator-size-main=16777216"
    "memorysetup-job-temp-allocator-block-size=2097152"
    "memorysetup-job-temp-allocator-block-size-background=1048576"
    "memorysetup-job-temp-allocator-reduction-small-platforms=262144"
    "memorysetup-allocator-temp-initial-block-size-main=262144"
    "memorysetup-allocator-temp-initial-block-size-worker=262144"
    "memorysetup-temp-allocator-size-background-worker=32768"
    "memorysetup-temp-allocator-size-job-worker=262144"
    "memorysetup-temp-allocator-size-preload-manager=33554432"
    "memorysetup-temp-allocator-size-nav-mesh-worker=65536"
    "memorysetup-temp-allocator-size-audio-worker=65536"
    "memorysetup-temp-allocator-size-cloud-worker=32768"
    "memorysetup-temp-allocator-size-gi-baking-worker=262144"
    "memorysetup-temp-allocator-size-gfx=262144"
Player connection [1028] Host "[IP] 192.168.0.58 [Port] 0 [Flags] 2 [Guid] 1648434285 [EditorId] 1648434285 [Version] 1048832 [Id] WindowsEditor(7,DESKTOP-ANNHILC) [Debug] 1 [PackageName] WindowsEditor [ProjectName] Editor" joined multi-casting on [225.0.0.222:54997]...

Player connection [1028] Host "[IP] 192.168.0.58 [Port] 0 [Flags] 2 [Guid] 1648434285 [EditorId] 1648434285 [Version] 1048832 [Id] WindowsEditor(7,DESKTOP-ANNHILC) [Debug] 1 [PackageName] WindowsEditor [ProjectName] Editor" joined alternative multi-casting on [225.0.0.222:34997]...

[Physics::Module] Initialized MultithreadedJobDispatcher with 11 workers.
Refreshing native plugins compatible for Editor in 1789.72 ms, found 4 plugins.
Preloading 0 native plugins for Editor in 0.00 ms.
Initialize engine version: 2022.3.15f1 (b58023a2b463)
[Subsystems] Discovering subsystems at path C:/Program Files/Unity/Hub/Editor/2022.3.15f1/Editor/Data/Resources/UnitySubsystems
[Subsystems] Discovering subsystems at path C:/Users/KHARENIUM/Desktop/PuzzleKids/Assets
GfxDevice: creating device client; threaded=0; jobified=0
Direct3D:
    Version:  Direct3D 11.0 [level 11.1]
    Renderer: NVIDIA GeForce GTX 1050 (ID=0x1c91)
    Vendor:   NVIDIA
    VRAM:     2996 MB
    Driver:   25.21.14.1972
Initialize mono
Mono path[0] = 'C:/Program Files/Unity/Hub/Editor/2022.3.15f1/Editor/Data/Managed'
Mono path[1] = 'C:/Program Files/Unity/Hub/Editor/2022.3.15f1/Editor/Data/MonoBleedingEdge/lib/mono/unityjit-win32'
Mono config path = 'C:/Program Files/Unity/Hub/Editor/2022.3.15f1/Editor/Data/MonoBleedingEdge/etc'
Using monoOptions --debugger-agent=transport=dt_socket,embedding=1,server=y,suspend=n,address=127.0.0.1:56880
Begin MonoManager ReloadAssembly
Registering precompiled unity dll's ...
Register platform support module: C:/Program Files/Unity/Hub/Editor/2022.3.15f1/Editor/Data/PlaybackEngines/AndroidPlayer/UnityEditor.Android.Extensions.dll
Register platform support module: C:/Program Files/Unity/Hub/Editor/2022.3.15f1/Editor/Data/PlaybackEngines/WindowsStandaloneSupport/UnityEditor.WindowsStandalone.Extensions.dll
Registered in 0.014369 seconds.
- Loaded All Assemblies, in  5.372 seconds
Native extension for WindowsStandalone target not found
Native extension for Android target not found
Android Extension - Scanning For ADB Devices 380 ms
Mono: successfully reloaded assembly
- Finished resetting the current domain, in  0.882 seconds
Domain Reload Profiling: 6250ms
	BeginReloadAssembly (4982ms)
		ExecutionOrderSort (0ms)
		DisableScriptedObjects (0ms)
		BackupInstance (0ms)
		ReleaseScriptingObjects (0ms)
		CreateAndSetChildDomain (1ms)
	RebuildCommonClasses (47ms)
	RebuildNativeTypeToScriptingClass (14ms)
	initialDomainReloadingComplete (91ms)
	LoadAllAssembliesAndSetupDomain (233ms)
		LoadAssemblies (4975ms)
		RebuildTransferFunctionScriptingTraits (0ms)
		AnalyzeDomain (229ms)
			TypeCache.Refresh (226ms)
				TypeCache.ScanAssembly (201ms)
			ScanForSourceGeneratedMonoScriptInfo (1ms)
			ResolveRequiredComponents (1ms)
	FinalizeReload (882ms)
		ReleaseScriptCaches (0ms)
		RebuildScriptCaches (0ms)
		SetupLoadedEditorAssemblies (793ms)
			LogAssemblyErrors (0ms)
			InitializePlatformSupportModulesInManaged (542ms)
			SetLoadedEditorAssemblies (5ms)
			RefreshPlugins (0ms)
			BeforeProcessingInitializeOnLoad (3ms)
			ProcessInitializeOnLoadAttributes (167ms)
			ProcessInitializeOnLoadMethodAttributes (76ms)
			AfterProcessingInitializeOnLoad (0ms)
			EditorAssembliesLoaded (0ms)
		ExecutionOrderSort2 (0ms)
		AwakeInstancesAfterBackupRestoration (0ms)
========================================================================
Worker process is ready to serve import requests
Begin MonoManager ReloadAssembly
- Loaded All Assemblies, in  8.508 seconds
Refreshing native plugins compatible for Editor in 7.01 ms, found 4 plugins.
Native extension for WindowsStandalone target not found
Native extension for Android target not found
Package Manager log level set to [2]
[Package Manager] Server::EnsureServerProcessIsRunning -- launch failed, reason: Unity was launched with the -noUpm command-line argument
[Package Manager] UpmClient::Send -- Unable to send message (not connected to UPM process).
[Package Manager] Cannot connect to Unity Package Manager local server
[Package Manager] Server::EnsureServerProcessIsRunning -- launch failed, reason: Unity was launched with the -noUpm command-line argument
[Package Manager] UpmClient::Send -- Unable to send message (not connected to UPM process).
[Package Manager] Cannot connect to Unity Package Manager local server
Mono: successfully reloaded assembly
[Package Manager] Server::EnsureServerProcessIsRunning -- launch failed, reason: Unity was launched with the -noUpm command-line argument
[Package Manager] UpmClient::Send -- Unable to send message (not connected to UPM process).
[Package Manager] Cannot connect to Unity Package Manager local server
[Package Manager] Server::EnsureServerProcessIsRunning -- launch failed, reason: Unity was launched with the -noUpm command-line argument
[Package Manager] UpmClient::Send -- Unable to send message (not connected to UPM process).
[Package Manager] Cannot connect to Unity Package Manager local server
- Finished resetting the current domain, in  1.187 seconds
Domain Reload Profiling: 9678ms
	BeginReloadAssembly (249ms)
		ExecutionOrderSort (0ms)
		DisableScriptedObjects (7ms)
		BackupInstance (0ms)
		ReleaseScriptingObjects (0ms)
		CreateAndSetChildDomain (38ms)
	RebuildCommonClasses (50ms)
	RebuildNativeTypeToScriptingClass (15ms)
	initialDomainReloadingComplete (62ms)
	LoadAllAssembliesAndSetupDomain (8114ms)
		LoadAssemblies (7868ms)
		RebuildTransferFunctionScriptingTraits (0ms)
		AnalyzeDomain (400ms)
			TypeCache.Refresh (352ms)
				TypeCache.ScanAssembly (313ms)
			ScanForSourceGeneratedMonoScriptInfo (36ms)
			ResolveRequiredComponents (10ms)
	FinalizeReload (1188ms)
		ReleaseScriptCaches (0ms)
		RebuildScriptCaches (0ms)
		SetupLoadedEditorAssemblies (958ms)
			LogAssemblyErrors (0ms)
			InitializePlatformSupportModulesInManaged (38ms)
			SetLoadedEditorAssemblies (4ms)
			RefreshPlugins (0ms)
			BeforeProcessingInitializeOnLoad (120ms)
			ProcessInitializeOnLoadAttributes (743ms)
			ProcessInitializeOnLoadMethodAttributes (42ms)
			AfterProcessingInitializeOnLoad (11ms)
			EditorAssembliesLoaded (0ms)
		ExecutionOrderSort2 (0ms)
		AwakeInstancesAfterBackupRestoration (10ms)
Launched and connected shader compiler UnityShaderCompiler.exe after 0.11 seconds
Refreshing native plugins compatible for Editor in 7.32 ms, found 4 plugins.
Preloading 0 native plugins for Editor in 0.00 ms.
Unloading 4538 Unused Serialized files (Serialized files now loaded: 0)
Unloading 66 unused Assets / (1.3 MB). Loaded Objects now: 4994.
Memory consumption went from 179.0 MB to 177.7 MB.
Total: 7.398500 ms (FindLiveObjects: 0.506700 ms CreateObjectMapping: 0.696700 ms MarkObjects: 5.203800 ms  DeleteObjects: 0.989900 ms)

AssetImportParameters requested are different than current active one (requested -> active):
  custom:container-demuxer-ogg: 62fdf1f143b41e24485cea50d1cbac27 -> 
  custom:video-decoder-ogg-theora: a1e56fd34408186e4bbccfd4996cb3dc -> 
  custom:framework-win-MediaFoundation: 216162199b28c13a410421893ffa2e32 -> 
  custom:CustomObjectIndexerAttribute: 43b350a4d6e6d1791af0b5038c4bea17 -> 
  custom:container-demuxer-webm: 4f35f7cbe854078d1ac9338744f61a02 -> 
  custom:container-muxer-webm: aa71ff27fc2769a1b78a27578f13a17b -> 
  custom:video-decoder-webm-vp8: 9c59270c3fd7afecdb556c50c9e8de78 -> 
  custom:SearchIndexIgnoredProperties: e643bd26f0fe6173181afceb89e7c659 -> 
  custom:AudioImporter_EditorPlatform: d09bf68614088b80899f8185d706f6e7 -> 
  custom:video-encoder-webm-vp8: eb34c28f22e8b96e1ab97ce403110664 -> 
  custom:audio-decoder-ogg-vorbis: bf7c407c2cedff20999df2af8eb42d56 -> 
  custom:audio-encoder-webm-vorbis: bf7c407c2cedff20999df2af8eb42d56 -> 
========================================================================
Received Import Request.
  Time since last request: 2015.148580 seconds.
  path: Assets/Images/slice3.png
  artifactKey: Guid(09183558a69f9c44c87508203bcfa1d0) Importer(815301076,1909f56bfc062723c751e8b465ee728b)
Start importing Assets/Images/slice3.png using Guid(09183558a69f9c44c87508203bcfa1d0) Importer(815301076,1909f56bfc062723c751e8b465ee728b)  -> (artifact id: '3a86534818ea22ae06109227b40141a5') in 0.127401 seconds
Number of updated asset objects reloaded before import = 0
Number of asset objects unloaded after import = 3
========================================================================
Received Import Request.
  Time since last request: 0.000046 seconds.
  path: Assets/Images/Back.png
  artifactKey: Guid(d4682b545e59de940bed54dba8968ab1) Importer(815301076,1909f56bfc062723c751e8b465ee728b)
Start importing Assets/Images/Back.png using Guid(d4682b545e59de940bed54dba8968ab1) Importer(815301076,1909f56bfc062723c751e8b465ee728b)  -> (artifact id: 'ccb5cc34506614b3f4564294cbb3dce2') in 0.034473 seconds
Number of updated asset objects reloaded before import = 0
Number of asset objects unloaded after import = 3
========================================================================
Received Import Request.
  Time since last request: 0.000022 seconds.
  path: Assets/Images/slice1.png
  artifactKey: Guid(c7af7da0958eb7740a6ac73f36c7c74f) Importer(815301076,1909f56bfc062723c751e8b465ee728b)
Start importing Assets/Images/slice1.png using Guid(c7af7da0958eb7740a6ac73f36c7c74f) Importer(815301076,1909f56bfc062723c751e8b465ee728b)  -> (artifact id: '26730f77317b37126034afad30a980d9') in 0.040903 seconds
Number of updated asset objects reloaded before import = 0
Number of asset objects unloaded after import = 3
========================================================================
Received Import Request.
  Time since last request: 0.000022 seconds.
  path: Assets/Images/BackGrid.png
  artifactKey: Guid(30faaa3cac11ae14d9d2765fd360099c) Importer(815301076,1909f56bfc062723c751e8b465ee728b)
Start importing Assets/Images/BackGrid.png using Guid(30faaa3cac11ae14d9d2765fd360099c) Importer(815301076,1909f56bfc062723c751e8b465ee728b)  -> (artifact id: 'd400e6d266fab5bf3958ce875e6729ea') in 0.034857 seconds
Number of updated asset objects reloaded before import = 0
Number of asset objects unloaded after import = 3
========================================================================
Received Import Request.
  Time since last request: 0.000020 seconds.
  path: Assets/Images/PopupBackground.png
  artifactKey: Guid(9ad4e88b72b4c494694853e7fbab2db8) Importer(815301076,1909f56bfc062723c751e8b465ee728b)
Start importing Assets/Images/PopupBackground.png using Guid(9ad4e88b72b4c494694853e7fbab2db8) Importer(815301076,1909f56bfc062723c751e8b465ee728b)  -> (artifact id: '97b02975d4fcf8674494605049cf681d') in 0.053145 seconds
Number of updated asset objects reloaded before import = 0
Number of asset objects unloaded after import = 3
========================================================================
Received Import Request.
  Time since last request: 0.000049 seconds.
  path: Assets/Images/coin.png
  artifactKey: Guid(b045be388b546e443be146e1ed7df5eb) Importer(815301076,1909f56bfc062723c751e8b465ee728b)
Start importing Assets/Images/coin.png using Guid(b045be388b546e443be146e1ed7df5eb) Importer(815301076,1909f56bfc062723c751e8b465ee728b)  -> (artifact id: '3fbc8f8ebde80987e5acfedaa6d00e4b') in 0.046009 seconds
Number of updated asset objects reloaded before import = 0
Number of asset objects unloaded after import = 3
========================================================================
Received Import Request.
  Time since last request: 114.266120 seconds.
  path: Assets/Assets/Old Sea Port/EffectExamples/Shared/Textures/BackgroundAlbedo.tif
  artifactKey: Guid(184411e5cbfcef94d90c27171a6135d6) Importer(815301076,1909f56bfc062723c751e8b465ee728b)
Start importing Assets/Assets/Old Sea Port/EffectExamples/Shared/Textures/BackgroundAlbedo.tif using Guid(184411e5cbfcef94d90c27171a6135d6) Importer(815301076,1909f56bfc062723c751e8b465ee728b)  -> (artifact id: 'b8360db5ee487574ccb690a74d364aa6') in 0.046415 seconds
Number of updated asset objects reloaded before import = 0
Number of asset objects unloaded after import = 2
========================================================================
Received Import Request.
  Time since last request: 0.000061 seconds.
  path: Assets/Assets/Old Sea Port/textures/Bark_Grey.png
  artifactKey: Guid(3f2eecefbf7d5f44984eb80814ae8f24) Importer(815301076,1909f56bfc062723c751e8b465ee728b)
Start importing Assets/Assets/Old Sea Port/textures/Bark_Grey.png using Guid(3f2eecefbf7d5f44984eb80814ae8f24) Importer(815301076,1909f56bfc062723c751e8b465ee728b)  -> (artifact id: '208db52b46179f02dfd5a021dd60e9a2') in 0.035695 seconds
Number of updated asset objects reloaded before import = 0
Number of asset objects unloaded after import = 2
========================================================================
Received Import Request.
  Time since last request: 0.000071 seconds.
  path: Assets/Assets/Old Sea Port/textures/Bark_Grey_3.png
  artifactKey: Guid(58fb75b0e6b5dd64c95ded8d425dc5c7) Importer(815301076,1909f56bfc062723c751e8b465ee728b)
Start importing Assets/Assets/Old Sea Port/textures/Bark_Grey_3.png using Guid(58fb75b0e6b5dd64c95ded8d425dc5c7) Importer(815301076,1909f56bfc062723c751e8b465ee728b)  -> (artifact id: '2b9f837fd9d61bb589e97661b8b8c080') in 0.070112 seconds
Number of updated asset objects reloaded before import = 0
Number of asset objects unloaded after import = 2
========================================================================
Received Import Request.
  Time since last request: 0.000023 seconds.
  path: Assets/Assets/Old Sea Port/textures/Brick_Wall_Metallic.png
  artifactKey: Guid(2c3cac3e2fe53f34089d2fe02fdfde58) Importer(815301076,1909f56bfc062723c751e8b465ee728b)
Start importing Assets/Assets/Old Sea Port/textures/Brick_Wall_Metallic.png using Guid(2c3cac3e2fe53f34089d2fe02fdfde58) Importer(815301076,1909f56bfc062723c751e8b465ee728b)  -> (artifact id: 'f8b7bfc25b5a888db32fe18ea96f76e1') in 0.041004 seconds
Number of updated asset objects reloaded before import = 0
Number of asset objects unloaded after import = 2
========================================================================
Received Import Request.
  Time since last request: 0.000024 seconds.
  path: Assets/Assets/Old Sea Port/textures/branch_maple.png
  artifactKey: Guid(77a24ca2d6791064da084e1c5db814b6) Importer(815301076,1909f56bfc062723c751e8b465ee728b)
Start importing Assets/Assets/Old Sea Port/textures/branch_maple.png using Guid(77a24ca2d6791064da084e1c5db814b6) Importer(815301076,1909f56bfc062723c751e8b465ee728b)  -> (artifact id: '3fe86f166b2ce84bd1bff4e4ec1c9558') in 0.029899 seconds
Number of updated asset objects reloaded before import = 0
Number of asset objects unloaded after import = 2
========================================================================
Received Import Request.
  Time since last request: 0.000016 seconds.
  path: Assets/Plugins/TextMesh Pro/Examples & Extras/Textures/Brushed Metal 3.jpg
  artifactKey: Guid(f88677df267a41d6be1e7a6133e7d227) Importer(815301076,1909f56bfc062723c751e8b465ee728b)
Start importing Assets/Plugins/TextMesh Pro/Examples & Extras/Textures/Brushed Metal 3.jpg using Guid(f88677df267a41d6be1e7a6133e7d227) Importer(815301076,1909f56bfc062723c751e8b465ee728b)  -> (artifact id: '4a6b32ef70122726f33613fe91bf54ba') in 0.024470 seconds
Number of updated asset objects reloaded before import = 0
Number of asset objects unloaded after import = 2
========================================================================
Received Import Request.
  Time since last request: 0.000082 seconds.
  path: Assets/Assets/SimplePoly City - Low Poly Assets/Textures/Building_Clothing.png
  artifactKey: Guid(d648d610eb732254ea94ccb95c9248ea) Importer(815301076,1909f56bfc062723c751e8b465ee728b)
Start importing Assets/Assets/SimplePoly City - Low Poly Assets/Textures/Building_Clothing.png using Guid(d648d610eb732254ea94ccb95c9248ea) Importer(815301076,1909f56bfc062723c751e8b465ee728b)  -> (artifact id: 'fccdb64464b227b1769c2631359458b1') in 0.025119 seconds
Number of updated asset objects reloaded before import = 0
Number of asset objects unloaded after import = 2
========================================================================
Received Import Request.
  Time since last request: 0.000106 seconds.
  path: Assets/Assets/SimplePoly City - Low Poly Assets/Textures/Building Sky_small_color01.png
  artifactKey: Guid(bee58bddcdaac384fbe8998755d603fb) Importer(815301076,1909f56bfc062723c751e8b465ee728b)
Start importing Assets/Assets/SimplePoly City - Low Poly Assets/Textures/Building Sky_small_color01.png using Guid(bee58bddcdaac384fbe8998755d603fb) Importer(815301076,1909f56bfc062723c751e8b465ee728b)  -> (artifact id: 'df14f9f8e725b400f5bd764a153f76fa') in 0.022548 seconds
Number of updated asset objects reloaded before import = 0
Number of asset objects unloaded after import = 2
========================================================================
Received Import Request.
  Time since last request: 0.000088 seconds.
  path: Assets/Assets/Old Sea Port/textures/Brick_Wall_Occlusion.png
  artifactKey: Guid(947d2f8b002d964479658be1ede6c20c) Importer(815301076,1909f56bfc062723c751e8b465ee728b)
Start importing Assets/Assets/Old Sea Port/textures/Brick_Wall_Occlusion.png using Guid(947d2f8b002d964479658be1ede6c20c) Importer(815301076,1909f56bfc062723c751e8b465ee728b)  -> (artifact id: 'b50cb92c91a836212ff8ddd6c964d343') in 0.033406 seconds
Number of updated asset objects reloaded before import = 0
Number of asset objects unloaded after import = 2
========================================================================
Received Import Request.
  Time since last request: 0.000016 seconds.
  path: Assets/Assets/SimplePoly City - Low Poly Assets/Textures/Building_House_01_color02.png
  artifactKey: Guid(330683d110e88b7478da95a46f14a30a) Importer(815301076,1909f56bfc062723c751e8b465ee728b)
Start importing Assets/Assets/SimplePoly City - Low Poly Assets/Textures/Building_House_01_color02.png using Guid(330683d110e88b7478da95a46f14a30a) Importer(815301076,1909f56bfc062723c751e8b465ee728b)  -> (artifact id: 'c32eb012e33fb5b7bf1c9b8bbf3d2688') in 0.022375 seconds
Number of updated asset objects reloaded before import = 0
Number of asset objects unloaded after import = 2
========================================================================
Received Import Request.
  Time since last request: 0.000018 seconds.
  path: Assets/Assets/SimplePoly City - Low Poly Assets/Textures/Building_Fast Food.png
  artifactKey: Guid(06b4c0119aac8524ca9230c7fabe315b) Importer(815301076,1909f56bfc062723c751e8b465ee728b)
Start importing Assets/Assets/SimplePoly City - Low Poly Assets/Textures/Building_Fast Food.png using Guid(06b4c0119aac8524ca9230c7fabe315b) Importer(815301076,1909f56bfc062723c751e8b465ee728b)  -> (artifact id: '28baccd989f3d7d2761533346567ab3b') in 0.022638 seconds
Number of updated asset objects reloaded before import = 0
Number of asset objects unloaded after import = 2
========================================================================
Received Import Request.
  Time since last request: 0.000058 seconds.
  path: Assets/Plugins/TextMesh Pro/Examples & Extras/Resources/Fonts & Materials/Bangers SDF.asset
  artifactKey: Guid(125cb55b44b24c4393181402bc6200e6) Importer(815301076,1909f56bfc062723c751e8b465ee728b)
Start importing Assets/Plugins/TextMesh Pro/Examples & Extras/Resources/Fonts & Materials/Bangers SDF.asset using Guid(125cb55b44b24c4393181402bc6200e6) Importer(815301076,1909f56bfc062723c751e8b465ee728b)  -> (artifact id: '0eafc0f374537b53d4f41fa2f7f2314c') in 0.061860 seconds
Number of updated asset objects reloaded before import = 0
Number of asset objects unloaded after import = 6
========================================================================
Received Import Request.
  Time since last request: 0.000023 seconds.
  path: Assets/Assets/Old Sea Port/textures/branch_maple_translucency.png
  artifactKey: Guid(a73439b1d26414547bdcf00ff8a5bd57) Importer(815301076,1909f56bfc062723c751e8b465ee728b)
Start importing Assets/Assets/Old Sea Port/textures/branch_maple_translucency.png using Guid(a73439b1d26414547bdcf00ff8a5bd57) Importer(815301076,1909f56bfc062723c751e8b465ee728b)  -> (artifact id: '3a6a1ae859e10e679906c3019c191f67') in 0.037322 seconds
Number of updated asset objects reloaded before import = 0
Number of asset objects unloaded after import = 2
========================================================================
Received Import Request.
  Time since last request: 0.000024 seconds.
  path: Assets/Assets/SimplePoly City - Low Poly Assets/Textures/Building_Coffee Shop.png
  artifactKey: Guid(939ea9febbadb6e4c906dcd31ca81e78) Importer(815301076,1909f56bfc062723c751e8b465ee728b)
Start importing Assets/Assets/SimplePoly City - Low Poly Assets/Textures/Building_Coffee Shop.png using Guid(939ea9febbadb6e4c906dcd31ca81e78) Importer(815301076,1909f56bfc062723c751e8b465ee728b)  -> (artifact id: 'c321baeed58680a188bac5ebe98f074c') in 0.025557 seconds
Number of updated asset objects reloaded before import = 0
Number of asset objects unloaded after import = 2
========================================================================
Received Import Request.
  Time since last request: 0.000032 seconds.
  path: Assets/Assets/Old Sea Port/textures/Barrel_Normal.png
  artifactKey: Guid(e287ae967fe30984599057cde5b3100e) Importer(815301076,1909f56bfc062723c751e8b465ee728b)
Start importing Assets/Assets/Old Sea Port/textures/Barrel_Normal.png using Guid(e287ae967fe30984599057cde5b3100e) Importer(815301076,1909f56bfc062723c751e8b465ee728b)  -> (artifact id: 'c0c803e6b534d617cf90334aaaa13af4') in 0.086475 seconds
Number of updated asset objects reloaded before import = 0
Number of asset objects unloaded after import = 2
========================================================================
Received Import Request.
  Time since last request: 0.000022 seconds.
  path: Assets/Assets/SimplePoly City - Low Poly Assets/Textures/Building_House_02_color01.png
  artifactKey: Guid(de3664eefb900b74fbdeb9a2a87c0cd9) Importer(815301076,1909f56bfc062723c751e8b465ee728b)
Start importing Assets/Assets/SimplePoly City - Low Poly Assets/Textures/Building_House_02_color01.png using Guid(de3664eefb900b74fbdeb9a2a87c0cd9) Importer(815301076,1909f56bfc062723c751e8b465ee728b)  -> (artifact id: 'c7994654511abfff6e301524f0e5970f') in 0.033849 seconds
Number of updated asset objects reloaded before import = 0
Number of asset objects unloaded after import = 2
========================================================================
Received Import Request.
  Time since last request: 0.000024 seconds.
  path: Assets/Assets/SimplePoly City - Low Poly Assets/Textures/Building Sky_small_color03.png
  artifactKey: Guid(0bfefad86ca42384bad95b74e07c5e68) Importer(815301076,1909f56bfc062723c751e8b465ee728b)
Start importing Assets/Assets/SimplePoly City - Low Poly Assets/Textures/Building Sky_small_color03.png using Guid(0bfefad86ca42384bad95b74e07c5e68) Importer(815301076,1909f56bfc062723c751e8b465ee728b)  -> (artifact id: '1d9157769c2c46bdf5c3f76703766eab') in 0.028529 seconds
Number of updated asset objects reloaded before import = 0
Number of asset objects unloaded after import = 2
========================================================================
Received Import Request.
  Time since last request: 0.000017 seconds.
  path: Assets/Assets/Old Sea Port/textures/Bark_Grey_Metallic.png
  artifactKey: Guid(ea1e2578b9b1cc2498accc121b043e0f) Importer(815301076,1909f56bfc062723c751e8b465ee728b)
Start importing Assets/Assets/Old Sea Port/textures/Bark_Grey_Metallic.png using Guid(ea1e2578b9b1cc2498accc121b043e0f) Importer(815301076,1909f56bfc062723c751e8b465ee728b)  -> (artifact id: '4c8ab31220840886dcf667149d5ebad1') in 0.036808 seconds
Number of updated asset objects reloaded before import = 0
Number of asset objects unloaded after import = 2
========================================================================
Received Import Request.
  Time since last request: 0.000018 seconds.
  path: Assets/Assets/Old Sea Port/textures/Barrel_Metallic.png
  artifactKey: Guid(8f9076885adb07442b8f0cafcbcb78cd) Importer(815301076,1909f56bfc062723c751e8b465ee728b)
Start importing Assets/Assets/Old Sea Port/textures/Barrel_Metallic.png using Guid(8f9076885adb07442b8f0cafcbcb78cd) Importer(815301076,1909f56bfc062723c751e8b465ee728b)  -> (artifact id: 'a792c71a566409e80f47bd0478fd83b3') in 0.056163 seconds
Number of updated asset objects reloaded before import = 0
Number of asset objects unloaded after import = 2
========================================================================
Received Import Request.
  Time since last request: 0.000024 seconds.
  path: Assets/Assets/SimplePoly City - Low Poly Assets/Textures/Building_Factory.png
  artifactKey: Guid(952048546b1814f4480519f6d11e8c3c) Importer(815301076,1909f56bfc062723c751e8b465ee728b)
Start importing Assets/Assets/SimplePoly City - Low Poly Assets/Textures/Building_Factory.png using Guid(952048546b1814f4480519f6d11e8c3c) Importer(815301076,1909f56bfc062723c751e8b465ee728b)  -> (artifact id: '95b04be499cacff0049108f66e506f49') in 0.061154 seconds
Number of updated asset objects reloaded before import = 0
Number of asset objects unloaded after import = 2
========================================================================
Received Import Request.
  Time since last request: 0.000016 seconds.
  path: Assets/Assets/SimplePoly City - Low Poly Assets/Textures/Building_Fruits  Shop.png
  artifactKey: Guid(06486f90deb2cc24492333b868a4b0a2) Importer(815301076,1909f56bfc062723c751e8b465ee728b)
Start importing Assets/Assets/SimplePoly City - Low Poly Assets/Textures/Building_Fruits  Shop.png using Guid(06486f90deb2cc24492333b868a4b0a2) Importer(815301076,1909f56bfc062723c751e8b465ee728b)  -> (artifact id: '918a8c1eeca521d7ce665f0133322564') in 0.029560 seconds
Number of updated asset objects reloaded before import = 0
Number of asset objects unloaded after import = 2
========================================================================
Received Import Request.
  Time since last request: 0.000062 seconds.
  path: Assets/Assets/SimplePoly City - Low Poly Assets/Textures/Building_House_02_color03.png
  artifactKey: Guid(c8eafda441adc3e46951fc68b9da655a) Importer(815301076,1909f56bfc062723c751e8b465ee728b)
Start importing Assets/Assets/SimplePoly City - Low Poly Assets/Textures/Building_House_02_color03.png using Guid(c8eafda441adc3e46951fc68b9da655a) Importer(815301076,1909f56bfc062723c751e8b465ee728b)  -> (artifact id: '5f01470db0c8a41f33183fdeb329bca5') in 0.043157 seconds
Number of updated asset objects reloaded before import = 0
Number of asset objects unloaded after import = 2
========================================================================
Received Import Request.
  Time since last request: 0.000026 seconds.
  path: Assets/Assets/SimplePoly City - Low Poly Assets/Textures/Building_Auto Service.png
  artifactKey: Guid(b3ce51c34fdf8474d9ec1d87f9433000) Importer(815301076,1909f56bfc062723c751e8b465ee728b)
Start importing Assets/Assets/SimplePoly City - Low Poly Assets/Textures/Building_Auto Service.png using Guid(b3ce51c34fdf8474d9ec1d87f9433000) Importer(815301076,1909f56bfc062723c751e8b465ee728b)  -> (artifact id: '67d8a9744f73a6c8102df07871ef92b1') in 0.030743 seconds
Number of updated asset objects reloaded before import = 0
Number of asset objects unloaded after import = 2
========================================================================
Received Import Request.
  Time since last request: 0.000020 seconds.
  path: Assets/Assets/SimplePoly City - Low Poly Assets/Textures/Building_House_03_color03.png
  artifactKey: Guid(e7e8298ecf8f3ff4c8c778c73cbed0d6) Importer(815301076,1909f56bfc062723c751e8b465ee728b)
Start importing Assets/Assets/SimplePoly City - Low Poly Assets/Textures/Building_House_03_color03.png using Guid(e7e8298ecf8f3ff4c8c778c73cbed0d6) Importer(815301076,1909f56bfc062723c751e8b465ee728b)  -> (artifact id: '6d02cfdd804eda61c09012df2a877eca') in 0.035850 seconds
Number of updated asset objects reloaded before import = 0
Number of asset objects unloaded after import = 2
========================================================================
Received Import Request.
  Time since last request: 0.000020 seconds.
  path: Assets/Assets/SimplePoly City - Low Poly Assets/Textures/Building Sky_big_color01.png
  artifactKey: Guid(276815996ac5b2144bdd94486e724ca4) Importer(815301076,1909f56bfc062723c751e8b465ee728b)
Start importing Assets/Assets/SimplePoly City - Low Poly Assets/Textures/Building Sky_big_color01.png using Guid(276815996ac5b2144bdd94486e724ca4) Importer(815301076,1909f56bfc062723c751e8b465ee728b)  -> (artifact id: '1a4fafc7985ae56b7aa02b974737947a') in 0.025111 seconds
Number of updated asset objects reloaded before import = 0
Number of asset objects unloaded after import = 2
========================================================================
Received Import Request.
  Time since last request: 0.000082 seconds.
  path: Assets/Assets/Old Sea Port/textures/Barrel.png
  artifactKey: Guid(db385adbcab4293439652164d21a5628) Importer(815301076,1909f56bfc062723c751e8b465ee728b)
Start importing Assets/Assets/Old Sea Port/textures/Barrel.png using Guid(db385adbcab4293439652164d21a5628) Importer(815301076,1909f56bfc062723c751e8b465ee728b)  -> (artifact id: 'aba94ab24e70d1c8f9732186f5c7c94b') in 0.054385 seconds
Number of updated asset objects reloaded before import = 0
Number of asset objects unloaded after import = 2
========================================================================
Received Import Request.
  Time since last request: 4.589370 seconds.
  path: Assets/Assets/SimplePoly City - Low Poly Assets/Textures/Building_House_04_color03.png
  artifactKey: Guid(6494dbf22a7afbd4f8724ced6070af97) Importer(815301076,1909f56bfc062723c751e8b465ee728b)
Start importing Assets/Assets/SimplePoly City - Low Poly Assets/Textures/Building_House_04_color03.png using Guid(6494dbf22a7afbd4f8724ced6070af97) Importer(815301076,1909f56bfc062723c751e8b465ee728b)  -> (artifact id: 'e950f02554553ce12e78f0a4b1ba058c') in 0.027413 seconds
Number of updated asset objects reloaded before import = 0
Number of asset objects unloaded after import = 2
========================================================================
Received Import Request.
  Time since last request: 0.004100 seconds.
  path: Assets/Assets/SimplePoly City - Low Poly Assets/Textures/Building_Residential_color01.png
  artifactKey: Guid(b9f7df78bf267034f9f9667336dae55a) Importer(815301076,1909f56bfc062723c751e8b465ee728b)
Start importing Assets/Assets/SimplePoly City - Low Poly Assets/Textures/Building_Residential_color01.png using Guid(b9f7df78bf267034f9f9667336dae55a) Importer(815301076,1909f56bfc062723c751e8b465ee728b)  -> (artifact id: '623a40fb701ec4d42bb03c02dbd2ce84') in 0.026544 seconds
Number of updated asset objects reloaded before import = 0
Number of asset objects unloaded after import = 2
========================================================================
Received Import Request.
  Time since last request: 0.000083 seconds.
  path: Assets/Assets/SimplePoly City - Low Poly Assets/Textures/Building_Residential_color03.png
  artifactKey: Guid(10b9114ae4fb5014c9989aa81e2f168f) Importer(815301076,1909f56bfc062723c751e8b465ee728b)
Start importing Assets/Assets/SimplePoly City - Low Poly Assets/Textures/Building_Residential_color03.png using Guid(10b9114ae4fb5014c9989aa81e2f168f) Importer(815301076,1909f56bfc062723c751e8b465ee728b)  -> (artifact id: '3ca81bbb69a6e977e8914850fce39e1f') in 0.021053 seconds
Number of updated asset objects reloaded before import = 0
Number of asset objects unloaded after import = 2
========================================================================
Received Import Request.
  Time since last request: 0.000085 seconds.
  path: Assets/Assets/SimplePoly City - Low Poly Assets/Textures/Building_Stadium.png
  artifactKey: Guid(96eac2b1cb544804b8e1ddc0c8c7e73e) Importer(815301076,1909f56bfc062723c751e8b465ee728b)
Start importing Assets/Assets/SimplePoly City - Low Poly Assets/Textures/Building_Stadium.png using Guid(96eac2b1cb544804b8e1ddc0c8c7e73e) Importer(815301076,1909f56bfc062723c751e8b465ee728b)  -> (artifact id: 'f0c28a024ae75a88824f10147151625f') in 0.029388 seconds
Number of updated asset objects reloaded before import = 0
Number of asset objects unloaded after import = 2
========================================================================
Received Import Request.
  Time since last request: 0.062524 seconds.
  path: Assets/Assets/Old Sea Port/textures/Canvas.png
  artifactKey: Guid(86cdca6ff04d7b24084a7525617aabd0) Importer(815301076,1909f56bfc062723c751e8b465ee728b)
Start importing Assets/Assets/Old Sea Port/textures/Canvas.png using Guid(86cdca6ff04d7b24084a7525617aabd0) Importer(815301076,1909f56bfc062723c751e8b465ee728b)  -> (artifact id: '91f9339b8e71246d74f269a0cf61ccdd') in 0.039020 seconds
Number of updated asset objects reloaded before import = 0
Number of asset objects unloaded after import = 2
========================================================================
Received Import Request.
  Time since last request: 0.000019 seconds.
  path: Assets/Assets/FX/Materials/Textures/Circle02.png
  artifactKey: Guid(b27bcf37600cca24196520251965a496) Importer(815301076,1909f56bfc062723c751e8b465ee728b)
Start importing Assets/Assets/FX/Materials/Textures/Circle02.png using Guid(b27bcf37600cca24196520251965a496) Importer(815301076,1909f56bfc062723c751e8b465ee728b)  -> (artifact id: '9a47821bc1b300576e4c032a3b2ce6d9') in 0.035301 seconds
Number of updated asset objects reloaded before import = 0
Number of asset objects unloaded after import = 6
========================================================================
Received Import Request.
  Time since last request: 0.000017 seconds.
  path: Assets/Assets/Old Sea Port/textures/Clouds Cookie.tif
  artifactKey: Guid(e1ab493fddd99c84db03d848f6778e97) Importer(815301076,1909f56bfc062723c751e8b465ee728b)
Start importing Assets/Assets/Old Sea Port/textures/Clouds Cookie.tif using Guid(e1ab493fddd99c84db03d848f6778e97) Importer(815301076,1909f56bfc062723c751e8b465ee728b)  -> (artifact id: '84a037cc331561d53657ff3b2226391a') in 0.023843 seconds
Number of updated asset objects reloaded before import = 0
Number of asset objects unloaded after import = 2
========================================================================
Received Import Request.
  Time since last request: 0.000019 seconds.
  path: Assets/Assets/Old Sea Port/EffectExamples/Shared/Textures/CloudsOcclusion.tif
  artifactKey: Guid(86ad23c623f950a4997067186e283be5) Importer(815301076,1909f56bfc062723c751e8b465ee728b)
Start importing Assets/Assets/Old Sea Port/EffectExamples/Shared/Textures/CloudsOcclusion.tif using Guid(86ad23c623f950a4997067186e283be5) Importer(815301076,1909f56bfc062723c751e8b465ee728b)  -> (artifact id: '098e7834e4ea989a8eb601bbd58bb6a2') in 0.047245 seconds
Number of updated asset objects reloaded before import = 0
Number of asset objects unloaded after import = 2
========================================================================
Received Import Request.
  Time since last request: 0.000038 seconds.
  path: Assets/Assets/Stylized Nature Kit Lite/Textures/Color Palette.png
  artifactKey: Guid(7a7b50c8e3f46334b94675bfece2d781) Importer(815301076,1909f56bfc062723c751e8b465ee728b)
Start importing Assets/Assets/Stylized Nature Kit Lite/Textures/Color Palette.png using Guid(7a7b50c8e3f46334b94675bfece2d781) Importer(815301076,1909f56bfc062723c751e8b465ee728b)  -> (artifact id: '947f00d87b864128ccaaa7163d0106c4') in 0.042062 seconds
Number of updated asset objects reloaded before import = 0
Number of asset objects unloaded after import = 2
========================================================================
Received Import Request.
  Time since last request: 0.000035 seconds.
  path: Assets/Assets/Ground textures pack/Grass 01/diffuse.tga
  artifactKey: Guid(a51044dfe95257548b466bc35528b878) Importer(815301076,1909f56bfc062723c751e8b465ee728b)
Start importing Assets/Assets/Ground textures pack/Grass 01/diffuse.tga using Guid(a51044dfe95257548b466bc35528b878) Importer(815301076,1909f56bfc062723c751e8b465ee728b)  -> (artifact id: '333e3a014cbfa56f6c324ec8ffbd19cf') in 0.030871 seconds
Number of updated asset objects reloaded before import = 0
Number of asset objects unloaded after import = 2
========================================================================
Received Import Request.
  Time since last request: 0.000017 seconds.
  path: Assets/Assets/FX/Materials/Textures/confetti_large.png
  artifactKey: Guid(a5fd1d31c7504cd4083d950f36ed7511) Importer(815301076,1909f56bfc062723c751e8b465ee728b)
Start importing Assets/Assets/FX/Materials/Textures/confetti_large.png using Guid(a5fd1d31c7504cd4083d950f36ed7511) Importer(815301076,1909f56bfc062723c751e8b465ee728b)  -> (artifact id: 'fe502bcc540e819756c6e06bd518001f') in 0.055010 seconds
Number of updated asset objects reloaded before import = 0
Number of asset objects unloaded after import = 6
========================================================================
Received Import Request.
  Time since last request: 0.000030 seconds.
  path: Assets/Assets/Old Sea Port/EffectExamples/FireExplosionEffects/Textures/DebrisParticleSheet.png
  artifactKey: Guid(af1f1b45fa6b5e64894c04ceb8a592f7) Importer(815301076,1909f56bfc062723c751e8b465ee728b)
Start importing Assets/Assets/Old Sea Port/EffectExamples/FireExplosionEffects/Textures/DebrisParticleSheet.png using Guid(af1f1b45fa6b5e64894c04ceb8a592f7) Importer(815301076,1909f56bfc062723c751e8b465ee728b)  -> (artifact id: '6af6b59934bcd74e208b1503dcbd8f24') in 0.030123 seconds
Number of updated asset objects reloaded before import = 0
Number of asset objects unloaded after import = 3
========================================================================
Received Import Request.
  Time since last request: 0.039759 seconds.
  path: Assets/Assets/Ground textures pack/Grass 02/diffuse.tga
  artifactKey: Guid(d902345b12dd31e4a83f0c375a540341) Importer(815301076,1909f56bfc062723c751e8b465ee728b)
Start importing Assets/Assets/Ground textures pack/Grass 02/diffuse.tga using Guid(d902345b12dd31e4a83f0c375a540341) Importer(815301076,1909f56bfc062723c751e8b465ee728b)  -> (artifact id: '30d89a79f24ac7159a9b0c6d6a27068b') in 0.029028 seconds
Number of updated asset objects reloaded before import = 0
Number of asset objects unloaded after import = 2
========================================================================
Received Import Request.
  Time since last request: 0.007773 seconds.
  path: Assets/Assets/Ground textures pack/Ground & moss/diffuse.tga
  artifactKey: Guid(62bf058d0f2f5df4da1f61da15013f34) Importer(815301076,1909f56bfc062723c751e8b465ee728b)
Start importing Assets/Assets/Ground textures pack/Ground & moss/diffuse.tga using Guid(62bf058d0f2f5df4da1f61da15013f34) Importer(815301076,1909f56bfc062723c751e8b465ee728b)  -> (artifact id: '38adb09383ae9cd009b9a4e28aca7b6a') in 0.031163 seconds
Number of updated asset objects reloaded before import = 0
Number of asset objects unloaded after import = 2
========================================================================
Received Import Request.
  Time since last request: 0.000024 seconds.
  path: Assets/Assets/Ground textures pack/Grass & dead leafs 02/diffuse.tga
  artifactKey: Guid(f77d739839b967e44898c8a89688369a) Importer(815301076,1909f56bfc062723c751e8b465ee728b)
Start importing Assets/Assets/Ground textures pack/Grass & dead leafs 02/diffuse.tga using Guid(f77d739839b967e44898c8a89688369a) Importer(815301076,1909f56bfc062723c751e8b465ee728b)  -> (artifact id: 'ec2d2c28d7534bef2364ddfe4e343daa') in 0.029500 seconds
Number of updated asset objects reloaded before import = 0
Number of asset objects unloaded after import = 2
========================================================================
Received Import Request.
  Time since last request: 0.000027 seconds.
  path: Assets/Assets/Ground textures pack/Grass 05/diffuse.tga
  artifactKey: Guid(f0a8168310b10da4faedc474bb26c20f) Importer(815301076,1909f56bfc062723c751e8b465ee728b)
Start importing Assets/Assets/Ground textures pack/Grass 05/diffuse.tga using Guid(f0a8168310b10da4faedc474bb26c20f) Importer(815301076,1909f56bfc062723c751e8b465ee728b)  -> (artifact id: 'e8d51c67dad690ec8fe9318d4d57044d') in 0.028461 seconds
Number of updated asset objects reloaded before import = 0
Number of asset objects unloaded after import = 2
========================================================================
Received Import Request.
  Time since last request: 0.048247 seconds.
  path: Assets/Assets/Ground textures pack/Grass & dead leafs 01/diffuse.tga
  artifactKey: Guid(46c9b2c471a59f24cbe88eae93a32f60) Importer(815301076,1909f56bfc062723c751e8b465ee728b)
Start importing Assets/Assets/Ground textures pack/Grass & dead leafs 01/diffuse.tga using Guid(46c9b2c471a59f24cbe88eae93a32f60) Importer(815301076,1909f56bfc062723c751e8b465ee728b)  -> (artifact id: '7645871afa5af8b2421fca40e71e7909') in 0.025848 seconds
Number of updated asset objects reloaded before import = 0
Number of asset objects unloaded after import = 2
========================================================================
Received Import Request.
  Time since last request: 0.005332 seconds.
  path: Assets/Assets/Ground textures pack/Dry ground/diffuse.tga
  artifactKey: Guid(f5d1de47f0f760544a5596ceb8cc895f) Importer(815301076,1909f56bfc062723c751e8b465ee728b)
Start importing Assets/Assets/Ground textures pack/Dry ground/diffuse.tga using Guid(f5d1de47f0f760544a5596ceb8cc895f) Importer(815301076,1909f56bfc062723c751e8b465ee728b)  -> (artifact id: 'a95d0791bec54f6dbd2578c2a940c0a5') in 0.024911 seconds
Number of updated asset objects reloaded before import = 0
Number of asset objects unloaded after import = 2
========================================================================
Received Import Request.
  Time since last request: 0.013157 seconds.
  path: Assets/Assets/Old Sea Port/textures/dirt_1_specular.png
  artifactKey: Guid(aa8cd394dd912294a9201bcd17b8cedb) Importer(815301076,1909f56bfc062723c751e8b465ee728b)
Start importing Assets/Assets/Old Sea Port/textures/dirt_1_specular.png using Guid(aa8cd394dd912294a9201bcd17b8cedb) Importer(815301076,1909f56bfc062723c751e8b465ee728b)  -> (artifact id: '9c9a70cd23ee993be4826f8179863467') in 0.032023 seconds
Number of updated asset objects reloaded before import = 0
Number of asset objects unloaded after import = 2
========================================================================
Received Import Request.
  Time since last request: 0.000016 seconds.
  path: Assets/Assets/FX/Materials/Textures/drop_green.png
  artifactKey: Guid(94ea43556dfb347439e67a9da6005b9a) Importer(815301076,1909f56bfc062723c751e8b465ee728b)
Start importing Assets/Assets/FX/Materials/Textures/drop_green.png using Guid(94ea43556dfb347439e67a9da6005b9a) Importer(815301076,1909f56bfc062723c751e8b465ee728b)  -> (artifact id: '13daf7053ed2f2749d32912ea027564c') in 0.025049 seconds
Number of updated asset objects reloaded before import = 0
Number of asset objects unloaded after import = 3
========================================================================
Received Import Request.
  Time since last request: 0.000017 seconds.
  path: Assets/Assets/Old Sea Port/EffectExamples/Shared/Textures/DustPuffSmallParticleSheet.png
  artifactKey: Guid(1c1f5fdffb8c5a944a978e8debb8fdfe) Importer(815301076,1909f56bfc062723c751e8b465ee728b)
Start importing Assets/Assets/Old Sea Port/EffectExamples/Shared/Textures/DustPuffSmallParticleSheet.png using Guid(1c1f5fdffb8c5a944a978e8debb8fdfe) Importer(815301076,1909f56bfc062723c751e8b465ee728b)  -> (artifact id: '6d8095beaf63e5c849482900b019ecb6') in 0.033987 seconds
Number of updated asset objects reloaded before import = 0
Number of asset objects unloaded after import = 6
========================================================================
Received Import Request.
  Time since last request: 0.000017 seconds.
  path: Assets/Assets/Old Sea Port/Skyboxes/Textures/Eerie/Eerie_down.tif
  artifactKey: Guid(8ca0735e520b5fc40a4e41b42fc288ea) Importer(815301076,1909f56bfc062723c751e8b465ee728b)
Start importing Assets/Assets/Old Sea Port/Skyboxes/Textures/Eerie/Eerie_down.tif using Guid(8ca0735e520b5fc40a4e41b42fc288ea) Importer(815301076,1909f56bfc062723c751e8b465ee728b)  -> (artifact id: '36eb164415a814edf92d875c9a8e3cc9') in 0.025833 seconds
Number of updated asset objects reloaded before import = 0
Number of asset objects unloaded after import = 2
========================================================================
Received Import Request.
  Time since last request: 0.006291 seconds.
  path: Assets/Assets/Old Sea Port/Skyboxes/Textures/Eerie/Eerie_right.tif
  artifactKey: Guid(67de91b5513a4d8489588fb65de75caa) Importer(815301076,1909f56bfc062723c751e8b465ee728b)
Start importing Assets/Assets/Old Sea Port/Skyboxes/Textures/Eerie/Eerie_right.tif using Guid(67de91b5513a4d8489588fb65de75caa) Importer(815301076,1909f56bfc062723c751e8b465ee728b)  -> (artifact id: '0ffeedaf6e2c95f787ae5b3806adc07a') in 0.056927 seconds
Number of updated asset objects reloaded before import = 0
Number of asset objects unloaded after import = 2
========================================================================
Received Import Request.
  Time since last request: 0.005417 seconds.
  path: Assets/Assets/Ground textures pack/Lava/emissive.tga
  artifactKey: Guid(c65e186198f501046a0aba89c6335cac) Importer(815301076,1909f56bfc062723c751e8b465ee728b)
Start importing Assets/Assets/Ground textures pack/Lava/emissive.tga using Guid(c65e186198f501046a0aba89c6335cac) Importer(815301076,1909f56bfc062723c751e8b465ee728b)  -> (artifact id: '1fb32f92ce61e86e803d9412ffbbe54d') in 0.068369 seconds
Number of updated asset objects reloaded before import = 0
Number of asset objects unloaded after import = 2
========================================================================
Received Import Request.
  Time since last request: 0.011625 seconds.
  path: Assets/Assets/Old Sea Port/textures/fence_1.png
  artifactKey: Guid(a29d97ef1cbfdd2448b81f9e41c18533) Importer(815301076,1909f56bfc062723c751e8b465ee728b)
Start importing Assets/Assets/Old Sea Port/textures/fence_1.png using Guid(a29d97ef1cbfdd2448b81f9e41c18533) Importer(815301076,1909f56bfc062723c751e8b465ee728b)  -> (artifact id: 'c6187e2fc40c743e261f2695c4aceb2b') in 0.059109 seconds
Number of updated asset objects reloaded before import = 0
Number of asset objects unloaded after import = 2
========================================================================
Received Import Request.
  Time since last request: 0.022370 seconds.
  path: Assets/Assets/Old Sea Port/EffectExamples/FireExplosionEffects/Textures/FlameRoundParticleSheet.tif
  artifactKey: Guid(408718fd5f763de42b12f849570ddf58) Importer(815301076,1909f56bfc062723c751e8b465ee728b)
Start importing Assets/Assets/Old Sea Port/EffectExamples/FireExplosionEffects/Textures/FlameRoundParticleSheet.tif using Guid(408718fd5f763de42b12f849570ddf58) Importer(815301076,1909f56bfc062723c751e8b465ee728b)  -> (artifact id: 'fa5755492fb603c4e020d82a11108597') in 0.097516 seconds
Number of updated asset objects reloaded before import = 0
Number of asset objects unloaded after import = 2
========================================================================
Received Import Request.
  Time since last request: 0.000093 seconds.
  path: Assets/Assets/Old Sea Port/EffectExamples/Shared/Textures/fleshNormals.tif
  artifactKey: Guid(82b123d008de09948adc8d1433889121) Importer(815301076,1909f56bfc062723c751e8b465ee728b)
Start importing Assets/Assets/Old Sea Port/EffectExamples/Shared/Textures/fleshNormals.tif using Guid(82b123d008de09948adc8d1433889121) Importer(815301076,1909f56bfc062723c751e8b465ee728b)  -> (artifact id: '5d4cec460a0ced7bcbad986d40b91736') in 0.030540 seconds
Number of updated asset objects reloaded before import = 0
Number of asset objects unloaded after import = 2
========================================================================
Received Import Request.
  Time since last request: 0.000102 seconds.
  path: Assets/Assets/Stylized Nature Kit Lite/Textures/Flower Leaf.png
  artifactKey: Guid(4e1b20f4080510a45883db6795845e28) Importer(815301076,1909f56bfc062723c751e8b465ee728b)
Start importing Assets/Assets/Stylized Nature Kit Lite/Textures/Flower Leaf.png using Guid(4e1b20f4080510a45883db6795845e28) Importer(815301076,1909f56bfc062723c751e8b465ee728b)  -> (artifact id: 'acfc0c173f0694d335dfabf32c1a8124') in 0.034718 seconds
Number of updated asset objects reloaded before import = 0
Number of asset objects unloaded after import = 2
========================================================================
Received Import Request.
  Time since last request: 0.000025 seconds.
  path: Assets/Assets/Old Sea Port/EffectExamples/Shared/Fonts/RobotoCondensed-Bold.ttf
  artifactKey: Guid(fae067962e5934395be31c8aba4a3455) Importer(815301076,1909f56bfc062723c751e8b465ee728b)
Start importing Assets/Assets/Old Sea Port/EffectExamples/Shared/Fonts/RobotoCondensed-Bold.ttf using Guid(fae067962e5934395be31c8aba4a3455) Importer(815301076,1909f56bfc062723c751e8b465ee728b)  -> (artifact id: '36cfd622d79935b00bf13969df1b3f5c') in 0.023233 seconds
Number of updated asset objects reloaded before import = 0
Number of asset objects unloaded after import = 4
========================================================================
Received Import Request.
  Time since last request: 0.000030 seconds.
  path: Assets/Assets/Stylized Nature Kit Lite/Textures/Flower.png
  artifactKey: Guid(acabc7080beed88498a866b9b521c865) Importer(815301076,1909f56bfc062723c751e8b465ee728b)
Start importing Assets/Assets/Stylized Nature Kit Lite/Textures/Flower.png using Guid(acabc7080beed88498a866b9b521c865) Importer(815301076,1909f56bfc062723c751e8b465ee728b)  -> (artifact id: '2f5caf79d2bacc627607655d6a5e6669') in 0.026557 seconds
Number of updated asset objects reloaded before import = 0
Number of asset objects unloaded after import = 2
========================================================================
Received Import Request.
  Time since last request: 0.053905 seconds.
  path: Assets/Assets/Old Sea Port/textures/Generic_Metal_1.png
  artifactKey: Guid(81842ecd6dd0129418c83d747ce8c7fb) Importer(815301076,1909f56bfc062723c751e8b465ee728b)
Start importing Assets/Assets/Old Sea Port/textures/Generic_Metal_1.png using Guid(81842ecd6dd0129418c83d747ce8c7fb) Importer(815301076,1909f56bfc062723c751e8b465ee728b)  -> (artifact id: 'f5b883b866f77001aa16daa58cdae67f') in 0.039128 seconds
Number of updated asset objects reloaded before import = 0
Number of asset objects unloaded after import = 2
========================================================================
Received Import Request.
  Time since last request: 0.000024 seconds.
  path: Assets/Plugins/TextMesh Pro/Examples & Extras/Textures/Gradient Vertical (Color).jpg
  artifactKey: Guid(03d0538de6e24c0f819bfc9ce084dfa9) Importer(815301076,1909f56bfc062723c751e8b465ee728b)
Start importing Assets/Plugins/TextMesh Pro/Examples & Extras/Textures/Gradient Vertical (Color).jpg using Guid(03d0538de6e24c0f819bfc9ce084dfa9) Importer(815301076,1909f56bfc062723c751e8b465ee728b)  -> (artifact id: '75324baebb7e7746e804bf07e5564f26') in 0.031773 seconds
Number of updated asset objects reloaded before import = 0
Number of asset objects unloaded after import = 2
========================================================================
Received Import Request.
  Time since last request: 0.000020 seconds.
  path: Assets/Assets/2D Casual UI/Original Artwork/GUI.psd
  artifactKey: Guid(836eca08b5e3b4550a4538c2238266fd) Importer(815301076,1909f56bfc062723c751e8b465ee728b)
Start importing Assets/Assets/2D Casual UI/Original Artwork/GUI.psd using Guid(836eca08b5e3b4550a4538c2238266fd) Importer(815301076,1909f56bfc062723c751e8b465ee728b)  -> (artifact id: 'db0a9b2fd9a1216edb8de24c33affa44') in 0.122522 seconds
Number of updated asset objects reloaded before import = 0
Number of asset objects unloaded after import = 3
========================================================================
Received Import Request.
  Time since last request: 0.000025 seconds.
  path: Assets/Plugins/TextMesh Pro/Examples & Extras/Textures/Mask Zig-n-Zag.psd
  artifactKey: Guid(bb8dfcd263ad4eb383a33d74a720be6f) Importer(815301076,1909f56bfc062723c751e8b465ee728b)
Start importing Assets/Plugins/TextMesh Pro/Examples & Extras/Textures/Mask Zig-n-Zag.psd using Guid(bb8dfcd263ad4eb383a33d74a720be6f) Importer(815301076,1909f56bfc062723c751e8b465ee728b)  -> (artifact id: '8c61409f695c3924ab8cf174e784dbcf') in 0.054209 seconds
Number of updated asset objects reloaded before import = 0
Number of asset objects unloaded after import = 2
========================================================================
Received Import Request.
  Time since last request: 0.000014 seconds.
  path: Assets/Assets/Ground textures pack/Grass & rocks/normal.tga
  artifactKey: Guid(e5895469fa6440e4a876bf0672599e59) Importer(815301076,1909f56bfc062723c751e8b465ee728b)
Start importing Assets/Assets/Ground textures pack/Grass & rocks/normal.tga using Guid(e5895469fa6440e4a876bf0672599e59) Importer(815301076,1909f56bfc062723c751e8b465ee728b)  -> (artifact id: '25509e273f7c52f635c41d20fb36a849') in 0.025246 seconds
Number of updated asset objects reloaded before import = 0
Number of asset objects unloaded after import = 2
========================================================================
Received Import Request.
  Time since last request: 0.000014 seconds.
  path: Assets/Assets/SimplePoly City - Low Poly Assets/Textures/Natures.png
  artifactKey: Guid(d4aec383b01f2dc498bf7503531cca39) Importer(815301076,1909f56bfc062723c751e8b465ee728b)
Start importing Assets/Assets/SimplePoly City - Low Poly Assets/Textures/Natures.png using Guid(d4aec383b01f2dc498bf7503531cca39) Importer(815301076,1909f56bfc062723c751e8b465ee728b)  -> (artifact id: 'ddc0aa3e6026d12c942be0cbbe0a65fe') in 0.031395 seconds
Number of updated asset objects reloaded before import = 0
Number of asset objects unloaded after import = 2
========================================================================
Received Import Request.
  Time since last request: 0.000017 seconds.
  path: Assets/Assets/Ground textures pack/Grass 02/normal.tga
  artifactKey: Guid(3449a2e698a0deb44a70dec747a3f8e9) Importer(815301076,1909f56bfc062723c751e8b465ee728b)
Start importing Assets/Assets/Ground textures pack/Grass 02/normal.tga using Guid(3449a2e698a0deb44a70dec747a3f8e9) Importer(815301076,1909f56bfc062723c751e8b465ee728b)  -> (artifact id: 'bdac092dbe186f5e89594adba3ba8edf') in 0.030980 seconds
Number of updated asset objects reloaded before import = 0
Number of asset objects unloaded after import = 2
========================================================================
Received Import Request.
  Time since last request: 0.000023 seconds.
  path: Assets/Assets/2D Casual UI/Sprite/GUI.png
  artifactKey: Guid(1eaee135ce037439d925cee5e41ce026) Importer(815301076,1909f56bfc062723c751e8b465ee728b)
Start importing Assets/Assets/2D Casual UI/Sprite/GUI.png using Guid(1eaee135ce037439d925cee5e41ce026) Importer(815301076,1909f56bfc062723c751e8b465ee728b)  -> (artifact id: '67143f06ffb502bd39efb95cba1e0993') in 0.359766 seconds
Number of updated asset objects reloaded before import = 0
Number of asset objects unloaded after import = 64
========================================================================
Received Import Request.
  Time since last request: 0.000045 seconds.
  path: Assets/Assets/Old Sea Port/textures/planks_1.png
  artifactKey: Guid(070cb3edcb351cd4ab6db4c57bfd8fc5) Importer(815301076,1909f56bfc062723c751e8b465ee728b)
Start importing Assets/Assets/Old Sea Port/textures/planks_1.png using Guid(070cb3edcb351cd4ab6db4c57bfd8fc5) Importer(815301076,1909f56bfc062723c751e8b465ee728b)  -> (artifact id: '1479514e60fd2a875229b6f7851e0534') in 0.079094 seconds
Number of updated asset objects reloaded before import = 0
Number of asset objects unloaded after import = 2
========================================================================
Received Import Request.
  Time since last request: 0.000025 seconds.
  path: Assets/Assets/Ground textures pack/Grass & dead leafs 02/preview.jpg
  artifactKey: Guid(a9151bfe4152f2748846a0fa52b216be) Importer(815301076,1909f56bfc062723c751e8b465ee728b)
Start importing Assets/Assets/Ground textures pack/Grass & dead leafs 02/preview.jpg using Guid(a9151bfe4152f2748846a0fa52b216be) Importer(815301076,1909f56bfc062723c751e8b465ee728b)  -> (artifact id: 'be13f5c2c1daa4fa67fe5f63a80b1f60') in 0.023925 seconds
Number of updated asset objects reloaded before import = 0
Number of asset objects unloaded after import = 2
========================================================================
Received Import Request.
  Time since last request: 0.000016 seconds.
  path: Assets/Assets/Ground textures pack/Ground 01/preview.jpg
  artifactKey: Guid(4e395003c6632ab4a8ad3a08d72ccb21) Importer(815301076,1909f56bfc062723c751e8b465ee728b)
Start importing Assets/Assets/Ground textures pack/Ground 01/preview.jpg using Guid(4e395003c6632ab4a8ad3a08d72ccb21) Importer(815301076,1909f56bfc062723c751e8b465ee728b)  -> (artifact id: 'f8084036fbe08cb5813274ac81075a1a') in 0.031656 seconds
Number of updated asset objects reloaded before import = 0
Number of asset objects unloaded after import = 2
========================================================================
Received Import Request.
  Time since last request: 0.000014 seconds.
  path: Assets/Assets/Old Sea Port/textures/planks_1_normal.png
  artifactKey: Guid(35097fcb9a018ac49b6657d0b8138799) Importer(815301076,1909f56bfc062723c751e8b465ee728b)
Start importing Assets/Assets/Old Sea Port/textures/planks_1_normal.png using Guid(35097fcb9a018ac49b6657d0b8138799) Importer(815301076,1909f56bfc062723c751e8b465ee728b)  -> (artifact id: 'e63287910845124bbdbbc5187f513325') in 0.082271 seconds
Number of updated asset objects reloaded before import = 0
Number of asset objects unloaded after import = 2
========================================================================
Received Import Request.
  Time since last request: 0.000023 seconds.
  path: Assets/Assets/Ground textures pack/Ground 02/preview.jpg
  artifactKey: Guid(37779bd72b60e0d4395ece867eb81c63) Importer(815301076,1909f56bfc062723c751e8b465ee728b)
Start importing Assets/Assets/Ground textures pack/Ground 02/preview.jpg using Guid(37779bd72b60e0d4395ece867eb81c63) Importer(815301076,1909f56bfc062723c751e8b465ee728b)  -> (artifact id: '300c8baf2f25e782d2542cf5ebe32d99') in 0.024779 seconds
Number of updated asset objects reloaded before import = 0
Number of asset objects unloaded after import = 2
========================================================================
Received Import Request.
  Time since last request: 0.000018 seconds.
  path: Assets/Assets/SimplePoly City - Low Poly Assets/Textures/Props_BillBoard_small.png
  artifactKey: Guid(8d5a4d22644d8d048bc069c218d1c411) Importer(815301076,1909f56bfc062723c751e8b465ee728b)
Start importing Assets/Assets/SimplePoly City - Low Poly Assets/Textures/Props_BillBoard_small.png using Guid(8d5a4d22644d8d048bc069c218d1c411) Importer(815301076,1909f56bfc062723c751e8b465ee728b)  -> (artifact id: '156f0dec3c380e6836c050ffcbc5abca') in 0.024220 seconds
Number of updated asset objects reloaded before import = 0
Number of asset objects unloaded after import = 2
========================================================================
Received Import Request.
  Time since last request: 0.000013 seconds.
  path: Assets/Assets/Ground textures pack/Grass & dead leafs 01/preview.jpg
  artifactKey: Guid(9f425c22a471a47459e192cb7dafd4c5) Importer(815301076,1909f56bfc062723c751e8b465ee728b)
Start importing Assets/Assets/Ground textures pack/Grass & dead leafs 01/preview.jpg using Guid(9f425c22a471a47459e192cb7dafd4c5) Importer(815301076,1909f56bfc062723c751e8b465ee728b)  -> (artifact id: 'd024fbbc7d68cdd065c571c15e324f01') in 0.030547 seconds
Number of updated asset objects reloaded before import = 0
Number of asset objects unloaded after import = 2
========================================================================
Received Import Request.
  Time since last request: 0.000017 seconds.
  path: Assets/Assets/Old Sea Port/textures/planks_1_Metallic.png
  artifactKey: Guid(5af8b9960606490438aa36ffda4b3c45) Importer(815301076,1909f56bfc062723c751e8b465ee728b)
Start importing Assets/Assets/Old Sea Port/textures/planks_1_Metallic.png using Guid(5af8b9960606490438aa36ffda4b3c45) Importer(815301076,1909f56bfc062723c751e8b465ee728b)  -> (artifact id: 'b6a691c46351c3c13b9cc291d5bc292f') in 0.025664 seconds
Number of updated asset objects reloaded before import = 0
Number of asset objects unloaded after import = 2
========================================================================
Received Import Request.
  Time since last request: 0.000040 seconds.
  path: Assets/Assets/SimplePoly City - Low Poly Assets/Textures/Props_Props_01.png
  artifactKey: Guid(2e817d01da3930d47b77b96852314d63) Importer(815301076,1909f56bfc062723c751e8b465ee728b)
Start importing Assets/Assets/SimplePoly City - Low Poly Assets/Textures/Props_Props_01.png using Guid(2e817d01da3930d47b77b96852314d63) Importer(815301076,1909f56bfc062723c751e8b465ee728b)  -> (artifact id: '94a0af158468eb92d69a227389a5e012') in 0.030428 seconds
Number of updated asset objects reloaded before import = 0
Number of asset objects unloaded after import = 2
========================================================================
Received Import Request.
  Time since last request: 0.000025 seconds.
  path: Assets/Assets/Ground textures pack/Dry ground/normal.tga
  artifactKey: Guid(af579c7a89d15d24eb8c925a43a236cf) Importer(815301076,1909f56bfc062723c751e8b465ee728b)
Start importing Assets/Assets/Ground textures pack/Dry ground/normal.tga using Guid(af579c7a89d15d24eb8c925a43a236cf) Importer(815301076,1909f56bfc062723c751e8b465ee728b)  -> (artifact id: 'efba2a3ac038f25766188a952d396085') in 0.024250 seconds
Number of updated asset objects reloaded before import = 0
Number of asset objects unloaded after import = 2
========================================================================
Received Import Request.
  Time since last request: 0.000018 seconds.
  path: Assets/Assets/Old Sea Port/scenes/Dock Thing/ReflectionProbe-1.exr
  artifactKey: Guid(cfeb876c0ac00c547b66d782d243ae04) Importer(815301076,1909f56bfc062723c751e8b465ee728b)
Start importing Assets/Assets/Old Sea Port/scenes/Dock Thing/ReflectionProbe-1.exr using Guid(cfeb876c0ac00c547b66d782d243ae04) Importer(815301076,1909f56bfc062723c751e8b465ee728b)  -> (artifact id: 'e917a9a467fb19434289fd8932daf58f') in 0.027249 seconds
Number of updated asset objects reloaded before import = 0
Number of asset objects unloaded after import = 1
========================================================================
Received Import Request.
  Time since last request: 0.000028 seconds.
  path: Assets/Assets/Ground textures pack/Grass 04/preview.jpg
  artifactKey: Guid(023e18c83e08fe848a850693dc1cf60a) Importer(815301076,1909f56bfc062723c751e8b465ee728b)
Start importing Assets/Assets/Ground textures pack/Grass 04/preview.jpg using Guid(023e18c83e08fe848a850693dc1cf60a) Importer(815301076,1909f56bfc062723c751e8b465ee728b)  -> (artifact id: '448a00e676426c60ff408c4212483881') in 0.027218 seconds
Number of updated asset objects reloaded before import = 0
Number of asset objects unloaded after import = 2
========================================================================
Received Import Request.
  Time since last request: 0.000014 seconds.
  path: Assets/Assets/Old Sea Port/scenes/Dock Thing/ReflectionProbe-7.exr
  artifactKey: Guid(f07a05ef08f5afa438da798b2196d5ea) Importer(815301076,1909f56bfc062723c751e8b465ee728b)
Start importing Assets/Assets/Old Sea Port/scenes/Dock Thing/ReflectionProbe-7.exr using Guid(f07a05ef08f5afa438da798b2196d5ea) Importer(815301076,1909f56bfc062723c751e8b465ee728b)  -> (artifact id: 'a3ca0c98fc2a488f7d4665db01200d55') in 0.017170 seconds
Number of updated asset objects reloaded before import = 0
Number of asset objects unloaded after import = 1
========================================================================
Received Import Request.
  Time since last request: 0.000012 seconds.
  path: Assets/Assets/SimplePoly City - Low Poly Assets/Textures/Road.png
  artifactKey: Guid(444693aeef5a3f147a427cade2b02400) Importer(815301076,1909f56bfc062723c751e8b465ee728b)
Start importing Assets/Assets/SimplePoly City - Low Poly Assets/Textures/Road.png using Guid(444693aeef5a3f147a427cade2b02400) Importer(815301076,1909f56bfc062723c751e8b465ee728b)  -> (artifact id: '1f112ad11d92d087d719ca6a2a056dfc') in 0.024625 seconds
Number of updated asset objects reloaded before import = 0
Number of asset objects unloaded after import = 2
========================================================================
Received Import Request.
  Time since last request: 0.000013 seconds.
  path: Assets/Plugins/TextMesh Pro/Examples & Extras/Resources/Fonts & Materials/Roboto-Bold SDF.asset
  artifactKey: Guid(5302535af1044152a457ed104f1f4b91) Importer(815301076,1909f56bfc062723c751e8b465ee728b)
Start importing Assets/Plugins/TextMesh Pro/Examples & Extras/Resources/Fonts & Materials/Roboto-Bold SDF.asset using Guid(5302535af1044152a457ed104f1f4b91) Importer(815301076,1909f56bfc062723c751e8b465ee728b)  -> (artifact id: '6dfef1b289f3d6e37e5c7a804e66d9f6') in 0.072625 seconds
Number of updated asset objects reloaded before import = 0
Number of asset objects unloaded after import = 6
========================================================================
Received Import Request.
  Time since last request: 0.000027 seconds.
  path: Assets/Plugins/TextMesh Pro/Examples & Extras/Textures/Small Crate_diffuse.jpg
  artifactKey: Guid(602cb87b6a29443b8636370ea0751574) Importer(815301076,1909f56bfc062723c751e8b465ee728b)
Start importing Assets/Plugins/TextMesh Pro/Examples & Extras/Textures/Small Crate_diffuse.jpg using Guid(602cb87b6a29443b8636370ea0751574) Importer(815301076,1909f56bfc062723c751e8b465ee728b)  -> (artifact id: '738f8a75c6bb94dc2cf67f2cf6c79fe7') in 0.025325 seconds
Number of updated asset objects reloaded before import = 0
Number of asset objects unloaded after import = 2
========================================================================
Received Import Request.
  Time since last request: 0.000025 seconds.
  path: Assets/Assets/Old Sea Port/EffectExamples/FireExplosionEffects/Textures/SmokePuffNormalSheet.tif
  artifactKey: Guid(3bc01580ce4f1834eb3562397607f51d) Importer(815301076,1909f56bfc062723c751e8b465ee728b)
Start importing Assets/Assets/Old Sea Port/EffectExamples/FireExplosionEffects/Textures/SmokePuffNormalSheet.tif using Guid(3bc01580ce4f1834eb3562397607f51d) Importer(815301076,1909f56bfc062723c751e8b465ee728b)  -> (artifact id: 'b5a1b1865d995bf0c32da1df2fac842a') in 0.069281 seconds
Number of updated asset objects reloaded before import = 0
Number of asset objects unloaded after import = 2
========================================================================
Received Import Request.
  Time since last request: 0.000016 seconds.
  path: Assets/Assets/FX/Materials/Textures/Star01.png
  artifactKey: Guid(4424dda84344cd94489735f2f7bdfdbc) Importer(815301076,1909f56bfc062723c751e8b465ee728b)
Start importing Assets/Assets/FX/Materials/Textures/Star01.png using Guid(4424dda84344cd94489735f2f7bdfdbc) Importer(815301076,1909f56bfc062723c751e8b465ee728b)  -> (artifact id: '42f1c0c69ce5e560eede2c6d47d1f314') in 0.021091 seconds
Number of updated asset objects reloaded before import = 0
Number of asset objects unloaded after import = 3
========================================================================
Received Import Request.
  Time since last request: 0.000019 seconds.
  path: Assets/Assets/FX/Materials/Textures/Star02.png
  artifactKey: Guid(99b70ef2b0acc4c44a556d238188bef2) Importer(815301076,1909f56bfc062723c751e8b465ee728b)
Start importing Assets/Assets/FX/Materials/Textures/Star02.png using Guid(99b70ef2b0acc4c44a556d238188bef2) Importer(815301076,1909f56bfc062723c751e8b465ee728b)  -> (artifact id: '9fa3866fedc8037ac1f07a94c947a9d6') in 0.024586 seconds
Number of updated asset objects reloaded before import = 0
Number of asset objects unloaded after import = 3
========================================================================
Received Import Request.
  Time since last request: 0.000019 seconds.
  path: Assets/Plugins/TextMesh Pro/Examples & Extras/Textures/Sunny Days - Seamless.jpg
  artifactKey: Guid(17c350171f7a3ca479f830547c66d187) Importer(815301076,1909f56bfc062723c751e8b465ee728b)
Start importing Assets/Plugins/TextMesh Pro/Examples & Extras/Textures/Sunny Days - Seamless.jpg using Guid(17c350171f7a3ca479f830547c66d187) Importer(815301076,1909f56bfc062723c751e8b465ee728b)  -> (artifact id: '571118c81452e4d9ce476fe2cf60c24e') in 0.032585 seconds
Number of updated asset objects reloaded before import = 0
Number of asset objects unloaded after import = 2
========================================================================
Received Import Request.
  Time since last request: 0.000193 seconds.
  path: Assets/Assets/Stylized Nature Kit Lite/Textures/Terrain Dirt.png
  artifactKey: Guid(ddee476c014d3ca43ad80e7c46dacd8c) Importer(815301076,1909f56bfc062723c751e8b465ee728b)
Start importing Assets/Assets/Stylized Nature Kit Lite/Textures/Terrain Dirt.png using Guid(ddee476c014d3ca43ad80e7c46dacd8c) Importer(815301076,1909f56bfc062723c751e8b465ee728b)  -> (artifact id: '7a58c51761bf8da8268935363ec2222e') in 0.028421 seconds
Number of updated asset objects reloaded before import = 0
Number of asset objects unloaded after import = 2
========================================================================
Received Import Request.
  Time since last request: 0.000015 seconds.
  path: Assets/Assets/Stylized Nature Kit Lite/Textures/Terrain Grass.png
  artifactKey: Guid(51487f115253bea4099917c031e9fc72) Importer(815301076,1909f56bfc062723c751e8b465ee728b)
Start importing Assets/Assets/Stylized Nature Kit Lite/Textures/Terrain Grass.png using Guid(51487f115253bea4099917c031e9fc72) Importer(815301076,1909f56bfc062723c751e8b465ee728b)  -> (artifact id: '024842d5b8085d99585c411bf6ea2fd6') in 0.049563 seconds
Number of updated asset objects reloaded before import = 0
Number of asset objects unloaded after import = 2
========================================================================
Received Import Request.
  Time since last request: 0.000019 seconds.
  path: Assets/Plugins/TextMesh Pro/Examples & Extras/Textures/Text Overflow - Linked Text UI Screenshot.png
  artifactKey: Guid(c76d18757a194d618355f05f815cb0a1) Importer(815301076,1909f56bfc062723c751e8b465ee728b)
Start importing Assets/Plugins/TextMesh Pro/Examples & Extras/Textures/Text Overflow - Linked Text UI Screenshot.png using Guid(c76d18757a194d618355f05f815cb0a1) Importer(815301076,1909f56bfc062723c751e8b465ee728b)  -> (artifact id: '9ad0fd97de2b5ca95c2dd7df059fd70e') in 0.023296 seconds
Number of updated asset objects reloaded before import = 0
Number of asset objects unloaded after import = 2
========================================================================
Received Import Request.
  Time since last request: 0.000022 seconds.
  path: Assets/Assets/SimplePoly City - Low Poly Assets/Textures/Vehicle_Bus_2.png
  artifactKey: Guid(08b339068450e45418a22d95364200b6) Importer(815301076,1909f56bfc062723c751e8b465ee728b)
Start importing Assets/Assets/SimplePoly City - Low Poly Assets/Textures/Vehicle_Bus_2.png using Guid(08b339068450e45418a22d95364200b6) Importer(815301076,1909f56bfc062723c751e8b465ee728b)  -> (artifact id: 'e33047f18661425ec2ed9523df84669a') in 0.046840 seconds
Number of updated asset objects reloaded before import = 0
Number of asset objects unloaded after import = 2
========================================================================
Received Import Request.
  Time since last request: 0.000017 seconds.
  path: Assets/Assets/SimplePoly City - Low Poly Assets/Textures/Vehicle_Car_1.png
  artifactKey: Guid(f9deccdd55075124dbb0e6b5f710e0bb) Importer(815301076,1909f56bfc062723c751e8b465ee728b)
Start importing Assets/Assets/SimplePoly City - Low Poly Assets/Textures/Vehicle_Car_1.png using Guid(f9deccdd55075124dbb0e6b5f710e0bb) Importer(815301076,1909f56bfc062723c751e8b465ee728b)  -> (artifact id: 'bc53a0e9b71b8c00eaecf7f7ac827cb3') in 0.031274 seconds
Number of updated asset objects reloaded before import = 0
Number of asset objects unloaded after import = 2
========================================================================
Received Import Request.
  Time since last request: 0.000020 seconds.
  path: Assets/Assets/SimplePoly City - Low Poly Assets/Textures/Vehicle_Ambulance.png
  artifactKey: Guid(17940d1c2e08c404aa577caf96bbaec2) Importer(815301076,1909f56bfc062723c751e8b465ee728b)
Start importing Assets/Assets/SimplePoly City - Low Poly Assets/Textures/Vehicle_Ambulance.png using Guid(17940d1c2e08c404aa577caf96bbaec2) Importer(815301076,1909f56bfc062723c751e8b465ee728b)  -> (artifact id: 'd0e21f7a7822efd62e2325b9526e408b') in 0.026609 seconds
Number of updated asset objects reloaded before import = 0
Number of asset objects unloaded after import = 2
========================================================================
Received Import Request.
  Time since last request: 0.000016 seconds.
  path: Assets/Assets/Stylized Nature Kit Lite/Textures/Terrain Rock.png
  artifactKey: Guid(62b86bcfffa0aca4d9d67620fe50727a) Importer(815301076,1909f56bfc062723c751e8b465ee728b)
Start importing Assets/Assets/Stylized Nature Kit Lite/Textures/Terrain Rock.png using Guid(62b86bcfffa0aca4d9d67620fe50727a) Importer(815301076,1909f56bfc062723c751e8b465ee728b)  -> (artifact id: 'f484ff9e4aa3760263d06218a8a9e4e9') in 0.035698 seconds
Number of updated asset objects reloaded before import = 0
Number of asset objects unloaded after import = 2
========================================================================
Received Import Request.
  Time since last request: 0.000014 seconds.
  path: Assets/Assets/SimplePoly City - Low Poly Assets/Textures/Vehicle_Container_1.png
  artifactKey: Guid(65b68621c76dea14ca7efad04a2716f5) Importer(815301076,1909f56bfc062723c751e8b465ee728b)
Start importing Assets/Assets/SimplePoly City - Low Poly Assets/Textures/Vehicle_Container_1.png using Guid(65b68621c76dea14ca7efad04a2716f5) Importer(815301076,1909f56bfc062723c751e8b465ee728b)  -> (artifact id: 'fe131a878c32436137283a533ae97d27') in 0.025015 seconds
Number of updated asset objects reloaded before import = 0
Number of asset objects unloaded after import = 2
========================================================================
Received Import Request.
  Time since last request: 0.000015 seconds.
  path: Assets/Assets/SimplePoly City - Low Poly Assets/Textures/Vehicle_Container_3.png
  artifactKey: Guid(8eac3f6a5408bf54683eca8076ada1d7) Importer(815301076,1909f56bfc062723c751e8b465ee728b)
Start importing Assets/Assets/SimplePoly City - Low Poly Assets/Textures/Vehicle_Container_3.png using Guid(8eac3f6a5408bf54683eca8076ada1d7) Importer(815301076,1909f56bfc062723c751e8b465ee728b)  -> (artifact id: '011a98afab9145be898881516887c29a') in 0.023293 seconds
Number of updated asset objects reloaded before import = 0
Number of asset objects unloaded after import = 2
========================================================================
Received Import Request.
  Time since last request: 0.004635 seconds.
  path: Assets/Assets/SimplePoly City - Low Poly Assets/Textures/Vehicle_Pick up Truck_3.png
  artifactKey: Guid(3dafb997416bc114c89c714676f7c788) Importer(815301076,1909f56bfc062723c751e8b465ee728b)
Start importing Assets/Assets/SimplePoly City - Low Poly Assets/Textures/Vehicle_Pick up Truck_3.png using Guid(3dafb997416bc114c89c714676f7c788) Importer(815301076,1909f56bfc062723c751e8b465ee728b)  -> (artifact id: '83c4e7abf0c8a8a5e93baf99772e432d') in 0.024273 seconds
Number of updated asset objects reloaded before import = 0
Number of asset objects unloaded after import = 2
========================================================================
Received Import Request.
  Time since last request: 0.009453 seconds.
  path: Assets/Assets/SimplePoly City - Low Poly Assets/Textures/Vehicle_SUV_2.png
  artifactKey: Guid(c1310564a8560dc47a4aa00e7324ae1d) Importer(815301076,1909f56bfc062723c751e8b465ee728b)
Start importing Assets/Assets/SimplePoly City - Low Poly Assets/Textures/Vehicle_SUV_2.png using Guid(c1310564a8560dc47a4aa00e7324ae1d) Importer(815301076,1909f56bfc062723c751e8b465ee728b)  -> (artifact id: 'db5c7909e569ba24994a0c84cc1f859f') in 0.031757 seconds
Number of updated asset objects reloaded before import = 0
Number of asset objects unloaded after import = 2
========================================================================
Received Import Request.
  Time since last request: 2.712222 seconds.
  path: Assets/Assets/SimplePoly City - Low Poly Assets/Textures/Vehicle_Truck_2.png
  artifactKey: Guid(b2c12c53daa560a46aa1c588f930acd9) Importer(815301076,1909f56bfc062723c751e8b465ee728b)
Start importing Assets/Assets/SimplePoly City - Low Poly Assets/Textures/Vehicle_Truck_2.png using Guid(b2c12c53daa560a46aa1c588f930acd9) Importer(815301076,1909f56bfc062723c751e8b465ee728b)  -> (artifact id: '5060ae12224e874a1d2d988f1caa17b7') in 0.027568 seconds
Number of updated asset objects reloaded before import = 0
Number of asset objects unloaded after import = 2
========================================================================
Received Import Request.
  Time since last request: 0.000018 seconds.
  path: Assets/Plugins/TextMesh Pro/Examples & Extras/Textures/Wipe Pattern - Diagonal.psd
  artifactKey: Guid(ed5290d8df18488780e2996b9b882f01) Importer(815301076,1909f56bfc062723c751e8b465ee728b)
Start importing Assets/Plugins/TextMesh Pro/Examples & Extras/Textures/Wipe Pattern - Diagonal.psd using Guid(ed5290d8df18488780e2996b9b882f01) Importer(815301076,1909f56bfc062723c751e8b465ee728b)  -> (artifact id: '0d72eadd547cee3d9ee0d28e17d60c64') in 0.029475 seconds
Number of updated asset objects reloaded before import = 0
Number of asset objects unloaded after import = 2
========================================================================
Received Import Request.
  Time since last request: 0.000020 seconds.
  path: Assets/Assets/Old Sea Port/EffectExamples/Shared/Textures/wood_tiled_02_a.tif
  artifactKey: Guid(b81b746ea3b5a4f4ab92a152e3b0b01d) Importer(815301076,1909f56bfc062723c751e8b465ee728b)
Start importing Assets/Assets/Old Sea Port/EffectExamples/Shared/Textures/wood_tiled_02_a.tif using Guid(b81b746ea3b5a4f4ab92a152e3b0b01d) Importer(815301076,1909f56bfc062723c751e8b465ee728b)  -> (artifact id: 'b3fe458b46b845c7118f19e0ebf3afe8') in 0.103922 seconds
Number of updated asset objects reloaded before import = 0
Number of asset objects unloaded after import = 2
========================================================================
Received Import Request.
  Time since last request: 0.000068 seconds.
  path: Assets/Assets/Old Sea Port/EffectExamples/Shared/Textures/WoodAlbedo.tif
  artifactKey: Guid(3e8f2684da783fd4284f90bce28de4c5) Importer(815301076,1909f56bfc062723c751e8b465ee728b)
Start importing Assets/Assets/Old Sea Port/EffectExamples/Shared/Textures/WoodAlbedo.tif using Guid(3e8f2684da783fd4284f90bce28de4c5) Importer(815301076,1909f56bfc062723c751e8b465ee728b)  -> (artifact id: '620000ebe571f4c91cc95e5117393762') in 0.107051 seconds
Number of updated asset objects reloaded before import = 0
Number of asset objects unloaded after import = 2
========================================================================
Received Import Request.
  Time since last request: 227.708521 seconds.
  path: Assets/Plugins/TextMesh Pro/Examples & Extras/Prefabs/TextMeshPro - Prefab 1.prefab
  artifactKey: Guid(a6e39ced0ea046bcb636c3f0b2e2a745) Importer(815301076,1909f56bfc062723c751e8b465ee728b)
Start importing Assets/Plugins/TextMesh Pro/Examples & Extras/Prefabs/TextMeshPro - Prefab 1.prefab using Guid(a6e39ced0ea046bcb636c3f0b2e2a745) Importer(815301076,1909f56bfc062723c751e8b465ee728b)  -> (artifact id: '985949321ad356c664cf3423fac19e6b') in 0.045208 seconds
Number of updated asset objects reloaded before import = 0
Number of asset objects unloaded after import = 16
========================================================================
Received Import Request.
  Time since last request: 24.906949 seconds.
  path: Assets/Materials/PlaneMat.mat
  artifactKey: Guid(b33bfc6d2a600024590fcc8226fcd163) Importer(815301076,1909f56bfc062723c751e8b465ee728b)
Start importing Assets/Materials/PlaneMat.mat using Guid(b33bfc6d2a600024590fcc8226fcd163) Importer(815301076,1909f56bfc062723c751e8b465ee728b)  -> (artifact id: '9852c9c8d4ec63407fd95fc940891537') in 0.030583 seconds
Number of updated asset objects reloaded before import = 0
Number of asset objects unloaded after import = 1
========================================================================
Received Import Request.
  Time since last request: 0.000090 seconds.
  path: Assets/Materials/TrueBlockMat.mat
  artifactKey: Guid(bf5875b81889cd04191c0d9572a62b9f) Importer(815301076,1909f56bfc062723c751e8b465ee728b)
Start importing Assets/Materials/TrueBlockMat.mat using Guid(bf5875b81889cd04191c0d9572a62b9f) Importer(815301076,1909f56bfc062723c751e8b465ee728b)  -> (artifact id: '7185c0472d6ed82af46ef9d6e0c8163e') in 0.091416 seconds
Number of updated asset objects reloaded before import = 0
Number of asset objects unloaded after import = 1
========================================================================
Received Import Request.
  Time since last request: 140.330819 seconds.
  path: Assets/Prefabs/Exit.prefab
  artifactKey: Guid(d432b91e851ef6543852b3f2141a9975) Importer(815301076,1909f56bfc062723c751e8b465ee728b)
Start importing Assets/Prefabs/Exit.prefab using Guid(d432b91e851ef6543852b3f2141a9975) Importer(815301076,1909f56bfc062723c751e8b465ee728b)  -> (artifact id: '3872221377154264199fdbdebd816f72') in 0.010407 seconds
Number of updated asset objects reloaded before import = 0
Number of asset objects unloaded after import = 8
========================================================================
Received Import Request.
  Time since last request: 0.000023 seconds.
  path: Assets/Prefabs/PuzzlePlace.prefab
  artifactKey: Guid(2fc92b07365ea6d4881324e0d1e32d70) Importer(815301076,1909f56bfc062723c751e8b465ee728b)
Start importing Assets/Prefabs/PuzzlePlace.prefab using Guid(2fc92b07365ea6d4881324e0d1e32d70) Importer(815301076,1909f56bfc062723c751e8b465ee728b)  -> (artifact id: 'fdd9c5c12810ab59b2a67cd3e94bcd96') in 0.048699 seconds
Number of updated asset objects reloaded before import = 0
Number of asset objects unloaded after import = 196
========================================================================
Received Import Request.
  Time since last request: 0.000019 seconds.
  path: Assets/Prefabs/Reset.prefab
  artifactKey: Guid(695ad25827fd5bc4da319926206f5026) Importer(815301076,1909f56bfc062723c751e8b465ee728b)
Start importing Assets/Prefabs/Reset.prefab using Guid(695ad25827fd5bc4da319926206f5026) Importer(815301076,1909f56bfc062723c751e8b465ee728b)  -> (artifact id: '4e4f4f52a361c5eb4ce3a61a4e3de1b9') in 0.034842 seconds
Number of updated asset objects reloaded before import = 0
Number of asset objects unloaded after import = 16
========================================================================
Received Import Request.
  Time since last request: 2.176991 seconds.
  path: Packages/com.unity.xr.arfoundation/Assets/Prefabs/AnchorTransform.prefab
  artifactKey: Guid(779f5eab1277241d6b58ee2c44909b20) Importer(815301076,1909f56bfc062723c751e8b465ee728b)
Start importing Packages/com.unity.xr.arfoundation/Assets/Prefabs/AnchorTransform.prefab using Guid(779f5eab1277241d6b58ee2c44909b20) Importer(815301076,1909f56bfc062723c751e8b465ee728b)  -> (artifact id: 'cf82a820ed5b81132407ccfe01de2f2a') in 0.142017 seconds
Number of updated asset objects reloaded before import = 0
Number of asset objects unloaded after import = 26
========================================================================
Received Import Request.
  Time since last request: 0.000021 seconds.
  path: Assets/Assets/FX/Prefabs/Area/Area_heal_green.prefab
  artifactKey: Guid(690951f4781b19649bc5c7892414ff37) Importer(815301076,1909f56bfc062723c751e8b465ee728b)
Start importing Assets/Assets/FX/Prefabs/Area/Area_heal_green.prefab using Guid(690951f4781b19649bc5c7892414ff37) Importer(815301076,1909f56bfc062723c751e8b465ee728b)  -> (artifact id: 'd9a16435ae58c4609233ae61df9035cc') in 0.081823 seconds
Number of updated asset objects reloaded before import = 0
Number of asset objects unloaded after import = 32
========================================================================
Received Import Request.
  Time since last request: 0.000040 seconds.
  path: Assets/Assets/Old Sea Port/prefabs/brick_wall_1.prefab
  artifactKey: Guid(ad8fe0235a8670d4c83f451033ac0a20) Importer(815301076,1909f56bfc062723c751e8b465ee728b)
Start importing Assets/Assets/Old Sea Port/prefabs/brick_wall_1.prefab using Guid(ad8fe0235a8670d4c83f451033ac0a20) Importer(815301076,1909f56bfc062723c751e8b465ee728b)  -> (artifact id: '59675aff4361bf81d6d2940234cc164e') in 0.405166 seconds
Number of updated asset objects reloaded before import = 0
Number of asset objects unloaded after import = 21
========================================================================
Received Import Request.
  Time since last request: 0.000025 seconds.
  path: Assets/Assets/SimplePoly City - Low Poly Assets/Prefab/Buildings/Building_Bar.prefab
  artifactKey: Guid(3667b1c4d7f532647b9156782c0c80f0) Importer(815301076,1909f56bfc062723c751e8b465ee728b)
Start importing Assets/Assets/SimplePoly City - Low Poly Assets/Prefab/Buildings/Building_Bar.prefab using Guid(3667b1c4d7f532647b9156782c0c80f0) Importer(815301076,1909f56bfc062723c751e8b465ee728b)  -> (artifact id: 'ce9a7c558bee591432b941742c8a5ed5') in 0.122183 seconds
Number of updated asset objects reloaded before import = 0
Number of asset objects unloaded after import = 11
========================================================================
Received Import Request.
  Time since last request: 0.000054 seconds.
  path: Assets/Assets/SimplePoly City - Low Poly Assets/Prefab/Buildings/Building_House_01_color02.prefab
  artifactKey: Guid(1f284b42849610642bfb5d418a57840b) Importer(815301076,1909f56bfc062723c751e8b465ee728b)
Start importing Assets/Assets/SimplePoly City - Low Poly Assets/Prefab/Buildings/Building_House_01_color02.prefab using Guid(1f284b42849610642bfb5d418a57840b) Importer(815301076,1909f56bfc062723c751e8b465ee728b)  -> (artifact id: 'fdc52e25c195a5ee2ea54a18f52b7242') in 0.036815 seconds
Number of updated asset objects reloaded before import = 0
Number of asset objects unloaded after import = 9
========================================================================
Received Import Request.
  Time since last request: 0.000016 seconds.
  path: Assets/Assets/SimplePoly City - Low Poly Assets/Prefab/Buildings/Building_Chicken Shop.prefab
  artifactKey: Guid(8b3eca4c34b9e1148a3c4d42a48dd5b8) Importer(815301076,1909f56bfc062723c751e8b465ee728b)
Start importing Assets/Assets/SimplePoly City - Low Poly Assets/Prefab/Buildings/Building_Chicken Shop.prefab using Guid(8b3eca4c34b9e1148a3c4d42a48dd5b8) Importer(815301076,1909f56bfc062723c751e8b465ee728b)  -> (artifact id: '35bfc30a4eff0beef5f69fad3d8502c9') in 0.043162 seconds
Number of updated asset objects reloaded before import = 0
Number of asset objects unloaded after import = 9
========================================================================
Received Import Request.
  Time since last request: 0.000018 seconds.
  path: Assets/Assets/SimplePoly City - Low Poly Assets/Prefab/Buildings/Building Sky_small_color03.prefab
  artifactKey: Guid(35807f23e7899e541b60b2fb2bbb51ef) Importer(815301076,1909f56bfc062723c751e8b465ee728b)
Start importing Assets/Assets/SimplePoly City - Low Poly Assets/Prefab/Buildings/Building Sky_small_color03.prefab using Guid(35807f23e7899e541b60b2fb2bbb51ef) Importer(815301076,1909f56bfc062723c751e8b465ee728b)  -> (artifact id: '14dd3fb0872df86c8fb2a6c83216352b') in 0.049555 seconds
Number of updated asset objects reloaded before import = 0
Number of asset objects unloaded after import = 9
========================================================================
Received Import Request.
  Time since last request: 0.000071 seconds.
  path: Assets/Assets/SimplePoly City - Low Poly Assets/Prefab/Buildings/Building Sky_big_color02.prefab
  artifactKey: Guid(694e1313d3f12e84aaf959ff6960ddaf) Importer(815301076,1909f56bfc062723c751e8b465ee728b)
Start importing Assets/Assets/SimplePoly City - Low Poly Assets/Prefab/Buildings/Building Sky_big_color02.prefab using Guid(694e1313d3f12e84aaf959ff6960ddaf) Importer(815301076,1909f56bfc062723c751e8b465ee728b)  -> (artifact id: '1740c82ec737b2893faafa7cc14bd205') in 0.043395 seconds
Number of updated asset objects reloaded before import = 0
Number of asset objects unloaded after import = 9
========================================================================
Received Import Request.
  Time since last request: 0.000017 seconds.
  path: Assets/Assets/SimplePoly City - Low Poly Assets/Prefab/Buildings/Building_Fruits  Shop.prefab
  artifactKey: Guid(931fa17f0ab17504bbfc8903e54e6a16) Importer(815301076,1909f56bfc062723c751e8b465ee728b)
Start importing Assets/Assets/SimplePoly City - Low Poly Assets/Prefab/Buildings/Building_Fruits  Shop.prefab using Guid(931fa17f0ab17504bbfc8903e54e6a16) Importer(815301076,1909f56bfc062723c751e8b465ee728b)  -> (artifact id: 'a52bd464b5f4401989e963cd52660541') in 0.054202 seconds
Number of updated asset objects reloaded before import = 0
Number of asset objects unloaded after import = 9
========================================================================
Received Import Request.
  Time since last request: 0.000024 seconds.
  path: Assets/Assets/Old Sea Port/prefabs/brick_tree_base.prefab
  artifactKey: Guid(a5dfe91abe6cf084bb963f174722e6c5) Importer(815301076,1909f56bfc062723c751e8b465ee728b)
Start importing Assets/Assets/Old Sea Port/prefabs/brick_tree_base.prefab using Guid(a5dfe91abe6cf084bb963f174722e6c5) Importer(815301076,1909f56bfc062723c751e8b465ee728b)  -> (artifact id: '2190a98d2312a7d31f91c6d3bcf310ec') in 0.353900 seconds
Number of updated asset objects reloaded before import = 0
Number of asset objects unloaded after import = 23
========================================================================
Received Import Request.
  Time since last request: 0.000027 seconds.
  path: Assets/Assets/SimplePoly City - Low Poly Assets/Prefab/Buildings/Building_Gas Station.prefab
  artifactKey: Guid(260808cfd9b21994d8c3007a7bc9934c) Importer(815301076,1909f56bfc062723c751e8b465ee728b)
Start importing Assets/Assets/SimplePoly City - Low Poly Assets/Prefab/Buildings/Building_Gas Station.prefab using Guid(260808cfd9b21994d8c3007a7bc9934c) Importer(815301076,1909f56bfc062723c751e8b465ee728b)  -> (artifact id: '60d47799df0edbf8029c98b97b76e7da') in 0.051743 seconds
Number of updated asset objects reloaded before import = 0
Number of asset objects unloaded after import = 9
========================================================================
Received Import Request.
  Time since last request: 0.000023 seconds.
  path: Assets/Assets/SimplePoly City - Low Poly Assets/Prefab/Buildings/Building_Drug Store.prefab
  artifactKey: Guid(5dd9f8de2583df543859013bcdc56639) Importer(815301076,1909f56bfc062723c751e8b465ee728b)
Start importing Assets/Assets/SimplePoly City - Low Poly Assets/Prefab/Buildings/Building_Drug Store.prefab using Guid(5dd9f8de2583df543859013bcdc56639) Importer(815301076,1909f56bfc062723c751e8b465ee728b)  -> (artifact id: '12fd859c2bf86c818540befc12b408f8') in 0.052215 seconds
Number of updated asset objects reloaded before import = 0
Number of asset objects unloaded after import = 9
========================================================================
Received Import Request.
  Time since last request: 0.000019 seconds.
  path: Assets/Assets/Old Sea Port/prefabs/boat_1.prefab
  artifactKey: Guid(0297c1d9dc5137043b0bde39f96ff5b2) Importer(815301076,1909f56bfc062723c751e8b465ee728b)
Start importing Assets/Assets/Old Sea Port/prefabs/boat_1.prefab using Guid(0297c1d9dc5137043b0bde39f96ff5b2) Importer(815301076,1909f56bfc062723c751e8b465ee728b)  -> (artifact id: '9eab9f39521dec96f53da2ddea7ae360') in 0.113836 seconds
Number of updated asset objects reloaded before import = 0
Number of asset objects unloaded after import = 12
========================================================================
Received Import Request.
  Time since last request: 0.000038 seconds.
  path: Assets/Assets/SimplePoly City - Low Poly Assets/Prefab/Buildings/Building_House_01_color03.prefab
  artifactKey: Guid(92dcd407350173049ab8c86482fadf42) Importer(815301076,1909f56bfc062723c751e8b465ee728b)
Start importing Assets/Assets/SimplePoly City - Low Poly Assets/Prefab/Buildings/Building_House_01_color03.prefab using Guid(92dcd407350173049ab8c86482fadf42) Importer(815301076,1909f56bfc062723c751e8b465ee728b)  -> (artifact id: '393d7b560817f914c8d22eebc2f087ae') in 0.038793 seconds
Number of updated asset objects reloaded before import = 0
Number of asset objects unloaded after import = 9
========================================================================
Received Import Request.
  Time since last request: 0.000035 seconds.
  path: Assets/Assets/SimplePoly City - Low Poly Assets/Prefab/Buildings/Building Sky_small_color02.prefab
  artifactKey: Guid(cc0981408e7c8db4f9f80a57938fd5e3) Importer(815301076,1909f56bfc062723c751e8b465ee728b)
Start importing Assets/Assets/SimplePoly City - Low Poly Assets/Prefab/Buildings/Building Sky_small_color02.prefab using Guid(cc0981408e7c8db4f9f80a57938fd5e3) Importer(815301076,1909f56bfc062723c751e8b465ee728b)  -> (artifact id: '043295fd42a01f56e564efc300afbd2e') in 0.063444 seconds
Number of updated asset objects reloaded before import = 0
Number of asset objects unloaded after import = 9
========================================================================
Received Import Request.
  Time since last request: 0.000068 seconds.
  path: Assets/Assets/SimplePoly City - Low Poly Assets/Prefab/Buildings/Building_Books Shop.prefab
  artifactKey: Guid(4c14ffc6a7f79e942885227ac141590c) Importer(815301076,1909f56bfc062723c751e8b465ee728b)
Start importing Assets/Assets/SimplePoly City - Low Poly Assets/Prefab/Buildings/Building_Books Shop.prefab using Guid(4c14ffc6a7f79e942885227ac141590c) Importer(815301076,1909f56bfc062723c751e8b465ee728b)  -> (artifact id: '14829aa2ec9ba661f9ed2551e470b5a7') in 0.079676 seconds
Number of updated asset objects reloaded before import = 0
Number of asset objects unloaded after import = 9
========================================================================
Received Import Request.
  Time since last request: 0.000018 seconds.
  path: Packages/com.unity.xr.arfoundation/Assets/Prefabs/ARPointCloud.prefab
  artifactKey: Guid(2a91e1f16d3bef84eb6c25e4c6a63fdb) Importer(815301076,1909f56bfc062723c751e8b465ee728b)
Start importing Packages/com.unity.xr.arfoundation/Assets/Prefabs/ARPointCloud.prefab using Guid(2a91e1f16d3bef84eb6c25e4c6a63fdb) Importer(815301076,1909f56bfc062723c751e8b465ee728b)  -> (artifact id: 'c6ecfd1bc0112fc80e509a6aaefee6e7') in 0.088268 seconds
Number of updated asset objects reloaded before import = 0
Number of asset objects unloaded after import = 8
========================================================================
Received Import Request.
  Time since last request: 0.000021 seconds.
  path: Assets/Assets/Old Sea Port/prefabs/barrel.prefab
  artifactKey: Guid(e5da93bf3ff477c4f8f88f51e419c805) Importer(815301076,1909f56bfc062723c751e8b465ee728b)
Start importing Assets/Assets/Old Sea Port/prefabs/barrel.prefab using Guid(e5da93bf3ff477c4f8f88f51e419c805) Importer(815301076,1909f56bfc062723c751e8b465ee728b)  -> (artifact id: 'b171c570343c2fc29e99ed04d37867de') in 0.129828 seconds
Number of updated asset objects reloaded before import = 0
Number of asset objects unloaded after import = 12
========================================================================
Received Import Request.
  Time since last request: 0.000035 seconds.
  path: Assets/Assets/Old Sea Port/prefabs/boat_2.prefab
  artifactKey: Guid(827102f6dfdb671428e2504c7680aeea) Importer(815301076,1909f56bfc062723c751e8b465ee728b)
Start importing Assets/Assets/Old Sea Port/prefabs/boat_2.prefab using Guid(827102f6dfdb671428e2504c7680aeea) Importer(815301076,1909f56bfc062723c751e8b465ee728b)  -> (artifact id: '08b7306f07a36587fcfbb4324ed05c9f') in 0.649086 seconds
Number of updated asset objects reloaded before import = 0
Number of asset objects unloaded after import = 42
========================================================================
Received Import Request.
  Time since last request: 1.780229 seconds.
  path: Assets/Assets/SimplePoly City - Low Poly Assets/Prefab/Buildings/Building_House_03_color03.prefab
  artifactKey: Guid(2dbee28eacba7dd42845e0153c4da642) Importer(815301076,1909f56bfc062723c751e8b465ee728b)
Start importing Assets/Assets/SimplePoly City - Low Poly Assets/Prefab/Buildings/Building_House_03_color03.prefab using Guid(2dbee28eacba7dd42845e0153c4da642) Importer(815301076,1909f56bfc062723c751e8b465ee728b)  -> (artifact id: '1c803f357238e7cd364c26b4cdd9ae0f') in 0.030072 seconds
Number of updated asset objects reloaded before import = 0
Number of asset objects unloaded after import = 9
========================================================================
Received Import Request.
  Time since last request: 0.000020 seconds.
  path: Assets/Assets/SimplePoly City - Low Poly Assets/Prefab/Buildings/Building_House_04_color02.prefab
  artifactKey: Guid(10ba41f0223c3104bad126af2b380971) Importer(815301076,1909f56bfc062723c751e8b465ee728b)
Start importing Assets/Assets/SimplePoly City - Low Poly Assets/Prefab/Buildings/Building_House_04_color02.prefab using Guid(10ba41f0223c3104bad126af2b380971) Importer(815301076,1909f56bfc062723c751e8b465ee728b)  -> (artifact id: '2e5587c451ae9a8fd7c225f9afdf6e7a') in 0.026212 seconds
Number of updated asset objects reloaded before import = 0
Number of asset objects unloaded after import = 9
========================================================================
Received Import Request.
  Time since last request: 0.000015 seconds.
  path: Assets/Assets/SimplePoly City - Low Poly Assets/Prefab/Buildings/Building_Pizza.prefab
  artifactKey: Guid(1d53359c70324d14c989d7058b50ec6b) Importer(815301076,1909f56bfc062723c751e8b465ee728b)
Start importing Assets/Assets/SimplePoly City - Low Poly Assets/Prefab/Buildings/Building_Pizza.prefab using Guid(1d53359c70324d14c989d7058b50ec6b) Importer(815301076,1909f56bfc062723c751e8b465ee728b)  -> (artifact id: '66d9ac477c61cb5c1b2fbefd1a35f872') in 0.043301 seconds
Number of updated asset objects reloaded before import = 0
Number of asset objects unloaded after import = 9
========================================================================
Received Import Request.
  Time since last request: 0.000017 seconds.
  path: Assets/Assets/Old Sea Port/prefabs/building_segment_1.prefab
  artifactKey: Guid(287711fb95cdc004b814e53a055b4b1e) Importer(815301076,1909f56bfc062723c751e8b465ee728b)
Start importing Assets/Assets/Old Sea Port/prefabs/building_segment_1.prefab using Guid(287711fb95cdc004b814e53a055b4b1e) Importer(815301076,1909f56bfc062723c751e8b465ee728b)  -> (artifact id: 'a78a35f6a6969f1b4102d9df8100415d') in 0.217418 seconds
Number of updated asset objects reloaded before import = 0
Number of asset objects unloaded after import = 13
========================================================================
Received Import Request.
  Time since last request: 0.000027 seconds.
  path: Assets/Assets/SimplePoly City - Low Poly Assets/Prefab/Buildings/Building_Super Market.prefab
  artifactKey: Guid(c3e95e72d6dba334594c3c5c37fcf18a) Importer(815301076,1909f56bfc062723c751e8b465ee728b)
Start importing Assets/Assets/SimplePoly City - Low Poly Assets/Prefab/Buildings/Building_Super Market.prefab using Guid(c3e95e72d6dba334594c3c5c37fcf18a) Importer(815301076,1909f56bfc062723c751e8b465ee728b)  -> (artifact id: '6ad742cf563f592716e66c0fa101fbfc') in 0.105884 seconds
Number of updated asset objects reloaded before import = 0
Number of asset objects unloaded after import = 9
========================================================================
Received Import Request.
  Time since last request: 0.000034 seconds.
  path: Assets/Assets/Old Sea Port/prefabs/building_segment_4.prefab
  artifactKey: Guid(94de232499f0e2344a01df0f4013ddd2) Importer(815301076,1909f56bfc062723c751e8b465ee728b)
Start importing Assets/Assets/Old Sea Port/prefabs/building_segment_4.prefab using Guid(94de232499f0e2344a01df0f4013ddd2) Importer(815301076,1909f56bfc062723c751e8b465ee728b)  -> (artifact id: 'aecdf650f2fb34c826ae236657be5a49') in 0.173917 seconds
Number of updated asset objects reloaded before import = 0
Number of asset objects unloaded after import = 13
========================================================================
Received Import Request.
  Time since last request: 0.000020 seconds.
  path: Assets/Assets/Old Sea Port/prefabs/crate_1.prefab
  artifactKey: Guid(55fecf1063fe8474493f4866aaadffbf) Importer(815301076,1909f56bfc062723c751e8b465ee728b)
Start importing Assets/Assets/Old Sea Port/prefabs/crate_1.prefab using Guid(55fecf1063fe8474493f4866aaadffbf) Importer(815301076,1909f56bfc062723c751e8b465ee728b)  -> (artifact id: 'bda4af7fcbef641ebcdc9adb05af835b') in 0.142526 seconds
Number of updated asset objects reloaded before import = 0
Number of asset objects unloaded after import = 12
========================================================================
Received Import Request.
  Time since last request: 0.001192 seconds.
  path: Assets/Assets/FX/Prefabs/Flash/Flash_ellow_pink.prefab
  artifactKey: Guid(2c27f6103c8348844a3cc636de15052a) Importer(815301076,1909f56bfc062723c751e8b465ee728b)
Start importing Assets/Assets/FX/Prefabs/Flash/Flash_ellow_pink.prefab using Guid(2c27f6103c8348844a3cc636de15052a) Importer(815301076,1909f56bfc062723c751e8b465ee728b)  -> (artifact id: '560bdf88d6ad0eaff7db63bcf9945248') in 0.037158 seconds
Number of updated asset objects reloaded before import = 0
Number of asset objects unloaded after import = 29
========================================================================
Received Import Request.
  Time since last request: 0.000017 seconds.
  path: Assets/Assets/Old Sea Port/prefabs/chair.prefab
  artifactKey: Guid(d08aa3fda32682b48b8dd7795337395a) Importer(815301076,1909f56bfc062723c751e8b465ee728b)
Start importing Assets/Assets/Old Sea Port/prefabs/chair.prefab using Guid(d08aa3fda32682b48b8dd7795337395a) Importer(815301076,1909f56bfc062723c751e8b465ee728b)  -> (artifact id: '73e203c678e1d6eff79c4f6442a5f9e7') in 0.122979 seconds
Number of updated asset objects reloaded before import = 0
Number of asset objects unloaded after import = 12
========================================================================
Received Import Request.
  Time since last request: 0.000015 seconds.
  path: Assets/Assets/Old Sea Port/prefabs/circular_table.prefab
  artifactKey: Guid(31a710b3bcdfb2e48b5ba67995778c54) Importer(815301076,1909f56bfc062723c751e8b465ee728b)
Start importing Assets/Assets/Old Sea Port/prefabs/circular_table.prefab using Guid(31a710b3bcdfb2e48b5ba67995778c54) Importer(815301076,1909f56bfc062723c751e8b465ee728b)  -> (artifact id: '45b7d3eac76467c63a06c84a8ba90a2c') in 0.125658 seconds
Number of updated asset objects reloaded before import = 0
Number of asset objects unloaded after import = 12
========================================================================
Received Import Request.
  Time since last request: 0.000019 seconds.
  path: Assets/Assets/FX/Prefabs/Flash/Flash_magic_blue_pink.prefab
  artifactKey: Guid(064c608c3a271334299e1fa22913842f) Importer(815301076,1909f56bfc062723c751e8b465ee728b)
Start importing Assets/Assets/FX/Prefabs/Flash/Flash_magic_blue_pink.prefab using Guid(064c608c3a271334299e1fa22913842f) Importer(815301076,1909f56bfc062723c751e8b465ee728b)  -> (artifact id: 'e2048513312b5d1efbfa00a1f6483f21') in 0.020468 seconds
Number of updated asset objects reloaded before import = 0
Number of asset objects unloaded after import = 32
========================================================================
Received Import Request.
  Time since last request: 0.000043 seconds.
  path: Assets/Assets/Old Sea Port/prefabs/dock_2.prefab
  artifactKey: Guid(60a7c2536ae44384a9181dd65cb6d107) Importer(815301076,1909f56bfc062723c751e8b465ee728b)
Start importing Assets/Assets/Old Sea Port/prefabs/dock_2.prefab using Guid(60a7c2536ae44384a9181dd65cb6d107) Importer(815301076,1909f56bfc062723c751e8b465ee728b)  -> (artifact id: '17d5f40ef51280fb648ea3d35c98286e') in 0.346908 seconds
Number of updated asset objects reloaded before import = 0
Number of asset objects unloaded after import = 30
========================================================================
Received Import Request.
  Time since last request: 0.000042 seconds.
  path: Assets/Assets/Old Sea Port/prefabs/fence_segment_1.prefab
  artifactKey: Guid(3c72a1ccba595c84daf7def9a8a6fe2d) Importer(815301076,1909f56bfc062723c751e8b465ee728b)
Start importing Assets/Assets/Old Sea Port/prefabs/fence_segment_1.prefab using Guid(3c72a1ccba595c84daf7def9a8a6fe2d) Importer(815301076,1909f56bfc062723c751e8b465ee728b)  -> (artifact id: 'f38aad5f4149c5df95517d8093c9b0cf') in 0.208422 seconds
Number of updated asset objects reloaded before import = 0
Number of asset objects unloaded after import = 10
========================================================================
Received Import Request.
  Time since last request: 0.000035 seconds.
  path: Assets/Assets/Old Sea Port/EffectExamples/Shared/Prefabs/Extinguish.prefab
  artifactKey: Guid(ec68cf3d27ad1bf48a4b4d3af84e4ded) Importer(815301076,1909f56bfc062723c751e8b465ee728b)
Start importing Assets/Assets/Old Sea Port/EffectExamples/Shared/Prefabs/Extinguish.prefab using Guid(ec68cf3d27ad1bf48a4b4d3af84e4ded) Importer(815301076,1909f56bfc062723c751e8b465ee728b)  -> (artifact id: '0e00d50106abb56da976c1707567fc1e') in 1.062083 seconds
Number of updated asset objects reloaded before import = 0
Number of asset objects unloaded after import = 52
========================================================================
Received Import Request.
  Time since last request: 0.000020 seconds.
  path: Packages/com.unity.xr.arfoundation/Assets/Prefabs/DefaultSimulationEnvironment.prefab
  artifactKey: Guid(c7b92c392902f4043a03a64032c02fe1) Importer(815301076,1909f56bfc062723c751e8b465ee728b)
Start importing Packages/com.unity.xr.arfoundation/Assets/Prefabs/DefaultSimulationEnvironment.prefab using Guid(c7b92c392902f4043a03a64032c02fe1) Importer(815301076,1909f56bfc062723c751e8b465ee728b)  -> (artifact id: '401ba2e144d34a6662af45bb7aa1fe6c') in 0.344123 seconds
Number of updated asset objects reloaded before import = 0
Number of asset objects unloaded after import = 44
========================================================================
Received Import Request.
  Time since last request: 0.000030 seconds.
  path: Assets/Assets/Old Sea Port/prefabs/lamp_1.prefab
  artifactKey: Guid(2b120c828398db5439578c6f50bef162) Importer(815301076,1909f56bfc062723c751e8b465ee728b)
Start importing Assets/Assets/Old Sea Port/prefabs/lamp_1.prefab using Guid(2b120c828398db5439578c6f50bef162) Importer(815301076,1909f56bfc062723c751e8b465ee728b)  -> (artifact id: 'd4985c6f4d37a32951ca0407e26618d4') in 0.070686 seconds
Number of updated asset objects reloaded before import = 0
Number of asset objects unloaded after import = 21
========================================================================
Received Import Request.
  Time since last request: 0.000019 seconds.
  path: Assets/Assets/Stylized Nature Kit Lite/Prefabs/Foliage/Grass/Grass.prefab
  artifactKey: Guid(4db940c31d61ac149801c850fc645d68) Importer(815301076,1909f56bfc062723c751e8b465ee728b)
Start importing Assets/Assets/Stylized Nature Kit Lite/Prefabs/Foliage/Grass/Grass.prefab using Guid(4db940c31d61ac149801c850fc645d68) Importer(815301076,1909f56bfc062723c751e8b465ee728b)  -> (artifact id: '3f2db6940a4099e442494b3d378d8d0d') in 0.189157 seconds
Number of updated asset objects reloaded before import = 0
Number of asset objects unloaded after import = 28
========================================================================
Received Import Request.
  Time since last request: 0.000018 seconds.
  path: Assets/Assets/Old Sea Port/prefabs/ladder_1.prefab
  artifactKey: Guid(c5d5f1d29f2e94e45b0022124ff1f27f) Importer(815301076,1909f56bfc062723c751e8b465ee728b)
Start importing Assets/Assets/Old Sea Port/prefabs/ladder_1.prefab using Guid(c5d5f1d29f2e94e45b0022124ff1f27f) Importer(815301076,1909f56bfc062723c751e8b465ee728b)  -> (artifact id: 'c45097a77a23a0368ad4f98f11c0e467') in 0.198906 seconds
Number of updated asset objects reloaded before import = 0
Number of asset objects unloaded after import = 17
========================================================================
Received Import Request.
  Time since last request: 0.000029 seconds.
  path: Assets/Assets/Old Sea Port/prefabs/mooring_rope_holder_2.prefab
  artifactKey: Guid(18330cc3c640eb24b8c54a9b5f2e5f22) Importer(815301076,1909f56bfc062723c751e8b465ee728b)
Start importing Assets/Assets/Old Sea Port/prefabs/mooring_rope_holder_2.prefab using Guid(18330cc3c640eb24b8c54a9b5f2e5f22) Importer(815301076,1909f56bfc062723c751e8b465ee728b)  -> (artifact id: '2a3c28131c0f6aa10f15499304b33ece') in 0.050548 seconds
Number of updated asset objects reloaded before import = 0
Number of asset objects unloaded after import = 20
========================================================================
Received Import Request.
  Time since last request: 0.000017 seconds.
  path: Assets/Assets/SimplePoly City - Low Poly Assets/Prefab/Natures/Natures_Bush_03.prefab
  artifactKey: Guid(47ea3e3caeb3c2845bbd9339bdc7a282) Importer(815301076,1909f56bfc062723c751e8b465ee728b)
Start importing Assets/Assets/SimplePoly City - Low Poly Assets/Prefab/Natures/Natures_Bush_03.prefab using Guid(47ea3e3caeb3c2845bbd9339bdc7a282) Importer(815301076,1909f56bfc062723c751e8b465ee728b)  -> (artifact id: '3ca752d5ce38f68058d20db568353122') in 0.039268 seconds
Number of updated asset objects reloaded before import = 0
Number of asset objects unloaded after import = 9
========================================================================
Received Import Request.
  Time since last request: 0.000026 seconds.
  path: Assets/Assets/SimplePoly City - Low Poly Assets/Prefab/Natures/Natures_Bush_01.prefab
  artifactKey: Guid(31bbda51eeab02f44a8e92a7da2f5ff8) Importer(815301076,1909f56bfc062723c751e8b465ee728b)
Start importing Assets/Assets/SimplePoly City - Low Poly Assets/Prefab/Natures/Natures_Bush_01.prefab using Guid(31bbda51eeab02f44a8e92a7da2f5ff8) Importer(815301076,1909f56bfc062723c751e8b465ee728b)  -> (artifact id: '4a7941ae85c36d44fd3de234f9158b9f') in 0.037632 seconds
Number of updated asset objects reloaded before import = 0
Number of asset objects unloaded after import = 9
========================================================================
Received Import Request.
  Time since last request: 0.000019 seconds.
  path: Assets/Assets/Stylized Nature Kit Lite/Prefabs/Rocks/Mountain/Mountain.prefab
  artifactKey: Guid(81d960fe44e3f6b46bcda7b24988e254) Importer(815301076,1909f56bfc062723c751e8b465ee728b)
Start importing Assets/Assets/Stylized Nature Kit Lite/Prefabs/Rocks/Mountain/Mountain.prefab using Guid(81d960fe44e3f6b46bcda7b24988e254) Importer(815301076,1909f56bfc062723c751e8b465ee728b)  -> (artifact id: '02feb40467800dc5e168db42f2a53a39') in 0.147800 seconds
Number of updated asset objects reloaded before import = 0
Number of asset objects unloaded after import = 32
========================================================================
Received Import Request.
  Time since last request: 0.000024 seconds.
  path: Assets/Assets/FX/Prefabs/Flash/Flash_ellow.prefab
  artifactKey: Guid(aa122f157eac1c8428ae5db8a315ccd8) Importer(815301076,1909f56bfc062723c751e8b465ee728b)
Start importing Assets/Assets/FX/Prefabs/Flash/Flash_ellow.prefab using Guid(aa122f157eac1c8428ae5db8a315ccd8) Importer(815301076,1909f56bfc062723c751e8b465ee728b)  -> (artifact id: 'abb025198533e362fdc2b188c661cb11') in 0.022290 seconds
Number of updated asset objects reloaded before import = 0
Number of asset objects unloaded after import = 29
========================================================================
Received Import Request.
  Time since last request: 0.000052 seconds.
  path: Assets/Assets/SimplePoly City - Low Poly Assets/Prefab/Natures/Natures_Big Tree.prefab
  artifactKey: Guid(b82e76f4092b7d24aaeecddf36fe8d3b) Importer(815301076,1909f56bfc062723c751e8b465ee728b)
Start importing Assets/Assets/SimplePoly City - Low Poly Assets/Prefab/Natures/Natures_Big Tree.prefab using Guid(b82e76f4092b7d24aaeecddf36fe8d3b) Importer(815301076,1909f56bfc062723c751e8b465ee728b)  -> (artifact id: '89331bb056b1324661514aa57e7e964c') in 0.038234 seconds
Number of updated asset objects reloaded before import = 0
Number of asset objects unloaded after import = 9
========================================================================
Received Import Request.
  Time since last request: 0.000017 seconds.
  path: Assets/Assets/FX/Prefabs/Flash/Flash_blue_purple.prefab
  artifactKey: Guid(7c19ad7a926fc084ea69d9ba4fedeeab) Importer(815301076,1909f56bfc062723c751e8b465ee728b)
Start importing Assets/Assets/FX/Prefabs/Flash/Flash_blue_purple.prefab using Guid(7c19ad7a926fc084ea69d9ba4fedeeab) Importer(815301076,1909f56bfc062723c751e8b465ee728b)  -> (artifact id: 'a0c8bb174624f2a79781075ec2de69f4') in 0.025316 seconds
Number of updated asset objects reloaded before import = 0
Number of asset objects unloaded after import = 29
========================================================================
Received Import Request.
  Time since last request: 0.314409 seconds.
  path: Assets/Assets/SimplePoly City - Low Poly Assets/Prefab/Natures/Natures_Grass Bar.prefab
  artifactKey: Guid(c07ada992c3586e4dbf557bc4b8718cf) Importer(815301076,1909f56bfc062723c751e8b465ee728b)
Start importing Assets/Assets/SimplePoly City - Low Poly Assets/Prefab/Natures/Natures_Grass Bar.prefab using Guid(c07ada992c3586e4dbf557bc4b8718cf) Importer(815301076,1909f56bfc062723c751e8b465ee728b)  -> (artifact id: 'b028aa2c9c8e5bb1648477889db09baf') in 0.028645 seconds
Number of updated asset objects reloaded before import = 0
Number of asset objects unloaded after import = 9
========================================================================
Received Import Request.
  Time since last request: 0.000015 seconds.
  path: Assets/Assets/SimplePoly City - Low Poly Assets/Prefab/Natures/Natures_Grass Tile.prefab
  artifactKey: Guid(b74c48c2e73e17c418c9394124b75daf) Importer(815301076,1909f56bfc062723c751e8b465ee728b)
Start importing Assets/Assets/SimplePoly City - Low Poly Assets/Prefab/Natures/Natures_Grass Tile.prefab using Guid(b74c48c2e73e17c418c9394124b75daf) Importer(815301076,1909f56bfc062723c751e8b465ee728b)  -> (artifact id: 'fef5755231af9bedc50daa2480b06d92') in 0.028150 seconds
Number of updated asset objects reloaded before import = 0
Number of asset objects unloaded after import = 9
========================================================================
Received Import Request.
  Time since last request: 0.000018 seconds.
  path: Assets/Assets/SimplePoly City - Low Poly Assets/Prefab/Natures/Natures_Pot Bush_big.prefab
  artifactKey: Guid(0ee6d569ec3227e40888e8151b331e0f) Importer(815301076,1909f56bfc062723c751e8b465ee728b)
Start importing Assets/Assets/SimplePoly City - Low Poly Assets/Prefab/Natures/Natures_Pot Bush_big.prefab using Guid(0ee6d569ec3227e40888e8151b331e0f) Importer(815301076,1909f56bfc062723c751e8b465ee728b)  -> (artifact id: 'd55916ca88db07f62ec4f4f6b63454f8') in 0.029747 seconds
Number of updated asset objects reloaded before import = 0
Number of asset objects unloaded after import = 9
========================================================================
Received Import Request.
  Time since last request: 0.000049 seconds.
  path: Assets/Assets/SimplePoly City - Low Poly Assets/Prefab/Natures/Natures_Pot Bush_small.prefab
  artifactKey: Guid(800befcc62026a34693972077c91698d) Importer(815301076,1909f56bfc062723c751e8b465ee728b)
Start importing Assets/Assets/SimplePoly City - Low Poly Assets/Prefab/Natures/Natures_Pot Bush_small.prefab using Guid(800befcc62026a34693972077c91698d) Importer(815301076,1909f56bfc062723c751e8b465ee728b)  -> (artifact id: 'ee1c46beca1778d775f8ea079361489e') in 0.042025 seconds
Number of updated asset objects reloaded before import = 0
Number of asset objects unloaded after import = 9
========================================================================
Received Import Request.
  Time since last request: 0.000040 seconds.
  path: Assets/Assets/SimplePoly City - Low Poly Assets/Prefab/Natures/Natures_Grass Tile Small.prefab
  artifactKey: Guid(1b0084fb56aeb6e4e90f88a0def84cf0) Importer(815301076,1909f56bfc062723c751e8b465ee728b)
Start importing Assets/Assets/SimplePoly City - Low Poly Assets/Prefab/Natures/Natures_Grass Tile Small.prefab using Guid(1b0084fb56aeb6e4e90f88a0def84cf0) Importer(815301076,1909f56bfc062723c751e8b465ee728b)  -> (artifact id: '2fd291c753a85f218d720ee74ed85cff') in 0.024109 seconds
Number of updated asset objects reloaded before import = 0
Number of asset objects unloaded after import = 9
========================================================================
Received Import Request.
  Time since last request: 0.432505 seconds.
  path: Packages/com.unity.xr.arfoundation/Assets/Prefabs/OriginTransform.prefab
  artifactKey: Guid(78be84f5d3a3c41f9ab0093b3f712a4e) Importer(815301076,1909f56bfc062723c751e8b465ee728b)
Start importing Packages/com.unity.xr.arfoundation/Assets/Prefabs/OriginTransform.prefab using Guid(78be84f5d3a3c41f9ab0093b3f712a4e) Importer(815301076,1909f56bfc062723c751e8b465ee728b)  -> (artifact id: 'a2370ca3e86c7dbe5d227ebf7fd48ec0') in 0.028247 seconds
Number of updated asset objects reloaded before import = 0
Number of asset objects unloaded after import = 39
========================================================================
Received Import Request.
  Time since last request: 0.000702 seconds.
  path: Assets/Assets/Old Sea Port/EffectExamples/Shared/Prefabs/ParticlesLight.prefab
  artifactKey: Guid(fa35d75604d172d48b7a6b62a07c7dbf) Importer(815301076,1909f56bfc062723c751e8b465ee728b)
Start importing Assets/Assets/Old Sea Port/EffectExamples/Shared/Prefabs/ParticlesLight.prefab using Guid(fa35d75604d172d48b7a6b62a07c7dbf) Importer(815301076,1909f56bfc062723c751e8b465ee728b)  -> (artifact id: '472f7dac3b60a68fb6e60b4b693e7c8e') in 0.002674 seconds
Number of updated asset objects reloaded before import = 0
Number of asset objects unloaded after import = 5
========================================================================
Received Import Request.
  Time since last request: 0.000041 seconds.
  path: Assets/Assets/SimplePoly City - Low Poly Assets/Prefab/Props/Props_Bench_1.prefab
  artifactKey: Guid(62125825e49febf4a89f76daf85d9ca7) Importer(815301076,1909f56bfc062723c751e8b465ee728b)
Start importing Assets/Assets/SimplePoly City - Low Poly Assets/Prefab/Props/Props_Bench_1.prefab using Guid(62125825e49febf4a89f76daf85d9ca7) Importer(815301076,1909f56bfc062723c751e8b465ee728b)  -> (artifact id: '24384187de56cfce23bf7172dbb36341') in 0.073002 seconds
Number of updated asset objects reloaded before import = 0
Number of asset objects unloaded after import = 9
========================================================================
Received Import Request.
  Time since last request: 0.000027 seconds.
  path: Assets/Assets/SimplePoly City - Low Poly Assets/Prefab/Props/Props_BillBoard_medium.prefab
  artifactKey: Guid(24ecc5bb467b3fe4b9c1660c3678ef90) Importer(815301076,1909f56bfc062723c751e8b465ee728b)
Start importing Assets/Assets/SimplePoly City - Low Poly Assets/Prefab/Props/Props_BillBoard_medium.prefab using Guid(24ecc5bb467b3fe4b9c1660c3678ef90) Importer(815301076,1909f56bfc062723c751e8b465ee728b)  -> (artifact id: 'd4b2419c904a9fab0679a3e4e999ec47') in 0.069490 seconds
Number of updated asset objects reloaded before import = 0
Number of asset objects unloaded after import = 9
========================================================================
Received Import Request.
  Time since last request: 0.004398 seconds.
  path: Assets/Assets/SimplePoly City - Low Poly Assets/Prefab/Props/Props_BillBoard_large.prefab
  artifactKey: Guid(653e28c8a1ae11240a6cdaac2f9ee8ea) Importer(815301076,1909f56bfc062723c751e8b465ee728b)
Start importing Assets/Assets/SimplePoly City - Low Poly Assets/Prefab/Props/Props_BillBoard_large.prefab using Guid(653e28c8a1ae11240a6cdaac2f9ee8ea) Importer(815301076,1909f56bfc062723c751e8b465ee728b)  -> (artifact id: 'a0cb2c63425d9accb4652b943ee2199e') in 0.054241 seconds
Number of updated asset objects reloaded before import = 0
Number of asset objects unloaded after import = 9
========================================================================
Received Import Request.
  Time since last request: 0.000023 seconds.
  path: Assets/Assets/Old Sea Port/prefabs/Plank_1.prefab
  artifactKey: Guid(64438420d273554448959a35c747f25a) Importer(815301076,1909f56bfc062723c751e8b465ee728b)
Start importing Assets/Assets/Old Sea Port/prefabs/Plank_1.prefab using Guid(64438420d273554448959a35c747f25a) Importer(815301076,1909f56bfc062723c751e8b465ee728b)  -> (artifact id: 'da87768bce309fb63551a45f8f744399') in 0.120527 seconds
Number of updated asset objects reloaded before import = 0
Number of asset objects unloaded after import = 12
========================================================================
Received Import Request.
  Time since last request: 1.326875 seconds.
  path: Assets/Assets/SimplePoly City - Low Poly Assets/Prefab/Props/Props_Coffee shop chair.prefab
  artifactKey: Guid(97229e82747352a43b48688ec573f8e4) Importer(815301076,1909f56bfc062723c751e8b465ee728b)
Start importing Assets/Assets/SimplePoly City - Low Poly Assets/Prefab/Props/Props_Coffee shop chair.prefab using Guid(97229e82747352a43b48688ec573f8e4) Importer(815301076,1909f56bfc062723c751e8b465ee728b)  -> (artifact id: '6a2b523e9c08c8743ac4e8bc587a2156') in 0.028453 seconds
Number of updated asset objects reloaded before import = 0
Number of asset objects unloaded after import = 9
========================================================================
Received Import Request.
  Time since last request: 0.000018 seconds.
  path: Assets/Assets/SimplePoly City - Low Poly Assets/Prefab/Props/Props_Hydrant.prefab
  artifactKey: Guid(e0e851c58997b9c438fae494e3412749) Importer(815301076,1909f56bfc062723c751e8b465ee728b)
Start importing Assets/Assets/SimplePoly City - Low Poly Assets/Prefab/Props/Props_Hydrant.prefab using Guid(e0e851c58997b9c438fae494e3412749) Importer(815301076,1909f56bfc062723c751e8b465ee728b)  -> (artifact id: '44516e5ec03fc1653465375e94455f96') in 0.030371 seconds
Number of updated asset objects reloaded before import = 0
Number of asset objects unloaded after import = 9
========================================================================
Received Import Request.
  Time since last request: 0.000017 seconds.
  path: Assets/Assets/SimplePoly City - Low Poly Assets/Prefab/Props/Props_Roof Helipad.prefab
  artifactKey: Guid(796948bfa75e5ee4ba5a68eabfa08ec3) Importer(815301076,1909f56bfc062723c751e8b465ee728b)
Start importing Assets/Assets/SimplePoly City - Low Poly Assets/Prefab/Props/Props_Roof Helipad.prefab using Guid(796948bfa75e5ee4ba5a68eabfa08ec3) Importer(815301076,1909f56bfc062723c751e8b465ee728b)  -> (artifact id: 'baf20a1d1165f830bfc4a8fb48c48daf') in 0.040394 seconds
Number of updated asset objects reloaded before import = 0
Number of asset objects unloaded after import = 11
========================================================================
Received Import Request.
  Time since last request: 0.000022 seconds.
  path: Assets/Assets/SimplePoly City - Low Poly Assets/Prefab/Props/Props_Roof prop air.prefab
  artifactKey: Guid(120449a04911a924ca1239be382ff0be) Importer(815301076,1909f56bfc062723c751e8b465ee728b)
Start importing Assets/Assets/SimplePoly City - Low Poly Assets/Prefab/Props/Props_Roof prop air.prefab using Guid(120449a04911a924ca1239be382ff0be) Importer(815301076,1909f56bfc062723c751e8b465ee728b)  -> (artifact id: 'fbc455dd189bf0d857905e4b11a665d5') in 0.035966 seconds
Number of updated asset objects reloaded before import = 0
Number of asset objects unloaded after import = 11
========================================================================
Received Import Request.
  Time since last request: 1.840693 seconds.
  path: Assets/Assets/SimplePoly City - Low Poly Assets/Prefab/Props/Props_Traffic Control Barrier Fence.prefab
  artifactKey: Guid(484404636ac422042a24ac95512dc2d3) Importer(815301076,1909f56bfc062723c751e8b465ee728b)
Start importing Assets/Assets/SimplePoly City - Low Poly Assets/Prefab/Props/Props_Traffic Control Barrier Fence.prefab using Guid(484404636ac422042a24ac95512dc2d3) Importer(815301076,1909f56bfc062723c751e8b465ee728b)  -> (artifact id: '2d4d97d8b17dae1a907828f8628d9342') in 0.024995 seconds
Number of updated asset objects reloaded before import = 0
Number of asset objects unloaded after import = 9
========================================================================
Received Import Request.
  Time since last request: 0.000018 seconds.
  path: Assets/Assets/SimplePoly City - Low Poly Assets/Prefab/Props/Props_Traffic Signal_big.prefab
  artifactKey: Guid(d4cfcf659200d7548b90a5580c3ab18f) Importer(815301076,1909f56bfc062723c751e8b465ee728b)
Start importing Assets/Assets/SimplePoly City - Low Poly Assets/Prefab/Props/Props_Traffic Signal_big.prefab using Guid(d4cfcf659200d7548b90a5580c3ab18f) Importer(815301076,1909f56bfc062723c751e8b465ee728b)  -> (artifact id: '1de3298f7e0568d89c98a1228b286063') in 0.026810 seconds
Number of updated asset objects reloaded before import = 0
Number of asset objects unloaded after import = 9
========================================================================
Received Import Request.
  Time since last request: 0.006099 seconds.
  path: Assets/Assets/Old Sea Port/prefabs/Rain.prefab
  artifactKey: Guid(fed5f9582b6829c43a0d1459a97de74d) Importer(815301076,1909f56bfc062723c751e8b465ee728b)
Start importing Assets/Assets/Old Sea Port/prefabs/Rain.prefab using Guid(fed5f9582b6829c43a0d1459a97de74d) Importer(815301076,1909f56bfc062723c751e8b465ee728b)  -> (artifact id: '6d3373bd96303eba70e61b4893382a61') in 0.015752 seconds
Number of updated asset objects reloaded before import = 0
Number of asset objects unloaded after import = 10
========================================================================
Received Import Request.
  Time since last request: 0.009631 seconds.
  path: Assets/Assets/SimplePoly City - Low Poly Assets/Prefab/Roads/Road Corner_01.prefab
  artifactKey: Guid(3a7e1c0a00828fd4196c8cd24886d2ed) Importer(815301076,1909f56bfc062723c751e8b465ee728b)
Start importing Assets/Assets/SimplePoly City - Low Poly Assets/Prefab/Roads/Road Corner_01.prefab using Guid(3a7e1c0a00828fd4196c8cd24886d2ed) Importer(815301076,1909f56bfc062723c751e8b465ee728b)  -> (artifact id: '5cea6dcfbb65abf5eca0c03b39180ffe') in 0.036369 seconds
Number of updated asset objects reloaded before import = 0
Number of asset objects unloaded after import = 9
========================================================================
Received Import Request.
  Time since last request: 0.000014 seconds.
  path: Assets/Assets/SimplePoly City - Low Poly Assets/Prefab/Roads/Road Intersection_02.prefab
  artifactKey: Guid(e5a98a4c41704e24eb7e4dafcc7c42b4) Importer(815301076,1909f56bfc062723c751e8b465ee728b)
Start importing Assets/Assets/SimplePoly City - Low Poly Assets/Prefab/Roads/Road Intersection_02.prefab using Guid(e5a98a4c41704e24eb7e4dafcc7c42b4) Importer(815301076,1909f56bfc062723c751e8b465ee728b)  -> (artifact id: '48be4be6c245d8bb656a7399fe161aec') in 0.034329 seconds
Number of updated asset objects reloaded before import = 0
Number of asset objects unloaded after import = 9
========================================================================
Received Import Request.
  Time since last request: 0.000037 seconds.
  path: Assets/Assets/SimplePoly City - Low Poly Assets/Prefab/Roads/Road Intersection_01.prefab
  artifactKey: Guid(47ef019eb3bddab469e56e5a31eebf68) Importer(815301076,1909f56bfc062723c751e8b465ee728b)
Start importing Assets/Assets/SimplePoly City - Low Poly Assets/Prefab/Roads/Road Intersection_01.prefab using Guid(47ef019eb3bddab469e56e5a31eebf68) Importer(815301076,1909f56bfc062723c751e8b465ee728b)  -> (artifact id: '979f8bbb6ceb971f7a4fb9775e246cbc') in 0.030041 seconds
Number of updated asset objects reloaded before import = 0
Number of asset objects unloaded after import = 9
========================================================================
Received Import Request.
  Time since last request: 1.646887 seconds.
  path: Assets/Assets/SimplePoly City - Low Poly Assets/Prefab/Roads/Road Lane_03.prefab
  artifactKey: Guid(85348f60323277544b2b17a2d5c20f17) Importer(815301076,1909f56bfc062723c751e8b465ee728b)
Start importing Assets/Assets/SimplePoly City - Low Poly Assets/Prefab/Roads/Road Lane_03.prefab using Guid(85348f60323277544b2b17a2d5c20f17) Importer(815301076,1909f56bfc062723c751e8b465ee728b)  -> (artifact id: '71c33d68700c6ace9a9a93e7266ed6d1') in 0.032636 seconds
Number of updated asset objects reloaded before import = 0
Number of asset objects unloaded after import = 9
========================================================================
Received Import Request.
  Time since last request: 0.000018 seconds.
  path: Assets/Assets/SimplePoly City - Low Poly Assets/Prefab/Roads/Road Split Line.prefab
  artifactKey: Guid(0ee37198b24b2164fbbccfbe92fe5d35) Importer(815301076,1909f56bfc062723c751e8b465ee728b)
Start importing Assets/Assets/SimplePoly City - Low Poly Assets/Prefab/Roads/Road Split Line.prefab using Guid(0ee37198b24b2164fbbccfbe92fe5d35) Importer(815301076,1909f56bfc062723c751e8b465ee728b)  -> (artifact id: '1546da7c946878ff7af47fc9ad0d13f1') in 0.029829 seconds
Number of updated asset objects reloaded before import = 0
Number of asset objects unloaded after import = 9
========================================================================
Received Import Request.
  Time since last request: 0.000024 seconds.
  path: Assets/Assets/SimplePoly City - Low Poly Assets/Prefab/Roads/Road Tile.prefab
  artifactKey: Guid(ffa95796af8d5884f9d08f66e6bb627e) Importer(815301076,1909f56bfc062723c751e8b465ee728b)
Start importing Assets/Assets/SimplePoly City - Low Poly Assets/Prefab/Roads/Road Tile.prefab using Guid(ffa95796af8d5884f9d08f66e6bb627e) Importer(815301076,1909f56bfc062723c751e8b465ee728b)  -> (artifact id: 'aada99b4d491201d48eb576de04cdebb') in 0.033391 seconds
Number of updated asset objects reloaded before import = 0
Number of asset objects unloaded after import = 9
========================================================================
Received Import Request.
  Time since last request: 0.019563 seconds.
  path: Assets/Assets/Stylized Nature Kit Lite/Prefabs/Rocks/Rock Cliffs/Rock Cliff 3.prefab
  artifactKey: Guid(232241c4030929146b8c0b57349f65a4) Importer(815301076,1909f56bfc062723c751e8b465ee728b)
Start importing Assets/Assets/Stylized Nature Kit Lite/Prefabs/Rocks/Rock Cliffs/Rock Cliff 3.prefab using Guid(232241c4030929146b8c0b57349f65a4) Importer(815301076,1909f56bfc062723c751e8b465ee728b)  -> (artifact id: '1918c5f10934895e498c1c01183b9dea') in 0.030437 seconds
Number of updated asset objects reloaded before import = 0
Number of asset objects unloaded after import = 28
========================================================================
Received Import Request.
  Time since last request: 0.000024 seconds.
  path: Assets/Assets/Stylized Nature Kit Lite/Prefabs/Rocks/Rock Cliffs/Rock Cliff 5.prefab
  artifactKey: Guid(4462df8489303ba448bfd5971b82232f) Importer(815301076,1909f56bfc062723c751e8b465ee728b)
Start importing Assets/Assets/Stylized Nature Kit Lite/Prefabs/Rocks/Rock Cliffs/Rock Cliff 5.prefab using Guid(4462df8489303ba448bfd5971b82232f) Importer(815301076,1909f56bfc062723c751e8b465ee728b)  -> (artifact id: '774167fc6ef78a5c33253f478c7d174f') in 0.031193 seconds
Number of updated asset objects reloaded before import = 0
Number of asset objects unloaded after import = 28
========================================================================
Received Import Request.
  Time since last request: 0.000015 seconds.
  path: Assets/Assets/FX/Prefabs/Shine/Shine_ellow.prefab
  artifactKey: Guid(b6e54acc881a03c4a9719b161a25a3e3) Importer(815301076,1909f56bfc062723c751e8b465ee728b)
Start importing Assets/Assets/FX/Prefabs/Shine/Shine_ellow.prefab using Guid(b6e54acc881a03c4a9719b161a25a3e3) Importer(815301076,1909f56bfc062723c751e8b465ee728b)  -> (artifact id: 'a285a86f0029db8adc8c9acaccc885fc') in 0.032477 seconds
Number of updated asset objects reloaded before import = 0
Number of asset objects unloaded after import = 29
========================================================================
Received Import Request.
  Time since last request: 0.000027 seconds.
  path: Assets/Assets/Old Sea Port/prefabs/rope_3.prefab
  artifactKey: Guid(72281b9d1ce3f3e4da8ab92b2d502470) Importer(815301076,1909f56bfc062723c751e8b465ee728b)
Start importing Assets/Assets/Old Sea Port/prefabs/rope_3.prefab using Guid(72281b9d1ce3f3e4da8ab92b2d502470) Importer(815301076,1909f56bfc062723c751e8b465ee728b)  -> (artifact id: '5e44204b4a1331b5820be26907ef075d') in 0.033416 seconds
Number of updated asset objects reloaded before import = 0
Number of asset objects unloaded after import = 11
========================================================================
Received Prepare
Begin MonoManager ReloadAssembly
- Loaded All Assemblies, in  0.514 seconds
Refreshing native plugins compatible for Editor in 4.89 ms, found 4 plugins.
Native extension for WindowsStandalone target not found
Native extension for Android target not found
[Package Manager] Server::EnsureServerProcessIsRunning -- launch failed, reason: Unity was launched with the -noUpm command-line argument
[Package Manager] UpmClient::Send -- Unable to send message (not connected to UPM process).
[Package Manager] Cannot connect to Unity Package Manager local server
[Package Manager] Server::EnsureServerProcessIsRunning -- launch failed, reason: Unity was launched with the -noUpm command-line argument
[Package Manager] UpmClient::Send -- Unable to send message (not connected to UPM process).
[Package Manager] Cannot connect to Unity Package Manager local server
Mono: successfully reloaded assembly
[Package Manager] Server::EnsureServerProcessIsRunning -- launch failed, reason: Unity was launched with the -noUpm command-line argument
[Package Manager] UpmClient::Send -- Unable to send message (not connected to UPM process).
[Package Manager] Cannot connect to Unity Package Manager local server
- Finished resetting the current domain, in  1.194 seconds
Domain Reload Profiling: 1704ms
	BeginReloadAssembly (168ms)
		ExecutionOrderSort (0ms)
		DisableScriptedObjects (4ms)
		BackupInstance (0ms)
		ReleaseScriptingObjects (0ms)
		CreateAndSetChildDomain (40ms)
	RebuildCommonClasses (43ms)
	RebuildNativeTypeToScriptingClass (13ms)
	initialDomainReloadingComplete (32ms)
	LoadAllAssembliesAndSetupDomain (254ms)
		LoadAssemblies (330ms)
		RebuildTransferFunctionScriptingTraits (0ms)
		AnalyzeDomain (15ms)
			TypeCache.Refresh (6ms)
				TypeCache.ScanAssembly (0ms)
			ScanForSourceGeneratedMonoScriptInfo (0ms)
			ResolveRequiredComponents (8ms)
	FinalizeReload (1194ms)
		ReleaseScriptCaches (0ms)
		RebuildScriptCaches (0ms)
		SetupLoadedEditorAssemblies (660ms)
			LogAssemblyErrors (0ms)
			InitializePlatformSupportModulesInManaged (26ms)
			SetLoadedEditorAssemblies (7ms)
			RefreshPlugins (0ms)
			BeforeProcessingInitializeOnLoad (88ms)
			ProcessInitializeOnLoadAttributes (487ms)
			ProcessInitializeOnLoadMethodAttributes (39ms)
			AfterProcessingInitializeOnLoad (12ms)
			EditorAssembliesLoaded (1ms)
		ExecutionOrderSort2 (0ms)
		AwakeInstancesAfterBackupRestoration (11ms)
Refreshing native plugins compatible for Editor in 6.49 ms, found 4 plugins.
Preloading 0 native plugins for Editor in 0.00 ms.
Unloading 4474 Unused Serialized files (Serialized files now loaded: 0)
Unloading 51 unused Assets / (1.4 MB). Loaded Objects now: 5178.
Memory consumption went from 169.0 MB to 167.7 MB.
Total: 5.914700 ms (FindLiveObjects: 0.635700 ms CreateObjectMapping: 0.691600 ms MarkObjects: 3.315600 ms  DeleteObjects: 1.270700 ms)

Prepare: number of updated asset objects reloaded= 0
AssetImportParameters requested are different than current active one (requested -> active):
  custom:container-demuxer-ogg: 62fdf1f143b41e24485cea50d1cbac27 -> 
  custom:video-decoder-ogg-theora: a1e56fd34408186e4bbccfd4996cb3dc -> 
  custom:framework-win-MediaFoundation: 216162199b28c13a410421893ffa2e32 -> 
  custom:CustomObjectIndexerAttribute: 43b350a4d6e6d1791af0b5038c4bea17 -> 
  custom:container-demuxer-webm: 4f35f7cbe854078d1ac9338744f61a02 -> 
  custom:container-muxer-webm: aa71ff27fc2769a1b78a27578f13a17b -> 
  custom:video-decoder-webm-vp8: 9c59270c3fd7afecdb556c50c9e8de78 -> 
  custom:SearchIndexIgnoredProperties: e643bd26f0fe6173181afceb89e7c659 -> 
  custom:AudioImporter_EditorPlatform: d09bf68614088b80899f8185d706f6e7 -> 
  custom:video-encoder-webm-vp8: eb34c28f22e8b96e1ab97ce403110664 -> 
  custom:audio-decoder-ogg-vorbis: bf7c407c2cedff20999df2af8eb42d56 -> 
  custom:audio-encoder-webm-vorbis: bf7c407c2cedff20999df2af8eb42d56 -> 
========================================================================
Received Prepare
Refreshing native plugins compatible for Editor in 4.67 ms, found 4 plugins.
Preloading 0 native plugins for Editor in 0.00 ms.
Unloading 21 Unused Serialized files (Serialized files now loaded: 0)
Unloading 19 unused Assets / (1.3 MB). Loaded Objects now: 5180.
Memory consumption went from 100.8 MB to 99.5 MB.
Total: 4.411700 ms (FindLiveObjects: 0.367800 ms CreateObjectMapping: 0.305900 ms MarkObjects: 3.159700 ms  DeleteObjects: 0.577400 ms)

Prepare: number of updated asset objects reloaded= 0
AssetImportParameters requested are different than current active one (requested -> active):
  custom:container-demuxer-ogg: 62fdf1f143b41e24485cea50d1cbac27 -> 
  custom:video-decoder-ogg-theora: a1e56fd34408186e4bbccfd4996cb3dc -> 
  custom:framework-win-MediaFoundation: 216162199b28c13a410421893ffa2e32 -> 
  custom:CustomObjectIndexerAttribute: 43b350a4d6e6d1791af0b5038c4bea17 -> 
  custom:container-demuxer-webm: 4f35f7cbe854078d1ac9338744f61a02 -> 
  custom:container-muxer-webm: aa71ff27fc2769a1b78a27578f13a17b -> 
  custom:video-decoder-webm-vp8: 9c59270c3fd7afecdb556c50c9e8de78 -> 
  custom:SearchIndexIgnoredProperties: e643bd26f0fe6173181afceb89e7c659 -> 
  custom:AudioImporter_EditorPlatform: d09bf68614088b80899f8185d706f6e7 -> 
  custom:video-encoder-webm-vp8: eb34c28f22e8b96e1ab97ce403110664 -> 
  custom:audio-decoder-ogg-vorbis: bf7c407c2cedff20999df2af8eb42d56 -> 
  custom:audio-encoder-webm-vorbis: bf7c407c2cedff20999df2af8eb42d56 -> 
